date,log_return,vix,vix_jpm_corr_20
2018-04-26,0.000999591159609,16.24,-0.036050716860209775
2018-04-27,-0.0063781537407533,15.41,-0.04350695641540083
2018-04-30,-0.0056833959930661,15.93,0.14859479024091293
2018-05-01,0.0,15.49,0.079400780413692
2018-05-02,-0.0079372820953142,15.97,0.03305967791252936
2018-05-03,-0.0063208985317419,15.9,0.01916785889348024
2018-05-04,0.0110354901163322,14.77,0.181666768090794
2018-05-07,0.0086318258630438,14.75,0.011045133194306125
2018-05-08,0.0147034778167535,14.71,-0.30640079959639827
2018-05-09,0.0215694636633509,13.42,-0.30497332886927203
2018-05-10,0.0077295070822676,13.23,-0.6237670575707227
2018-05-11,-0.0037694543865707,12.65,-0.43052391508621984
2018-05-14,0.0003512469302006,12.93,-0.38100167873079127
2018-05-15,-0.0076676002504967,14.63,-0.3462182584558609
2018-05-16,0.0027388805388333,13.42,-0.339056123939935
2018-05-17,-0.0033583769965413,13.43,-0.4141776589890244
2018-05-18,-0.0163330865473768,13.42,-0.2647380413076888
2018-05-21,0.0091365737686622,13.08,-0.2876343801113323
2018-05-22,0.007639049405842,13.22,-0.28269560595138804
2018-05-23,-0.0046119815673249,12.58,-0.19431363057113116
2018-05-24,-0.0112641992007965,12.53,-0.10382349888938575
2018-05-25,-0.0051376921339742,13.22,-0.04099221562094005
2018-05-29,-0.0436839388615588,17.02,-0.38264781878719745
2018-05-30,0.0225882293739631,14.94,-0.30605388613275397
2018-05-31,-0.0124444399434581,15.43,-0.31938822726347604
2018-06-01,0.0129058009666358,13.46,-0.3164265677504842
2018-06-04,0.0004611482673376,12.74,-0.3526640268574797
2018-06-05,-0.0056405901088864,12.4,-0.3599658681487758
2018-06-06,0.0230991021850884,11.64,-0.5088502498726588
2018-06-07,0.003979024964098,12.13,-0.5389535607437205
2018-06-08,0.0027939272827339,12.18,-0.5409373521374147
2018-06-11,-0.0025232058083556,12.35,-0.53835633252891
2018-06-12,-0.005791347287876,12.34,-0.5167971166320268
2018-06-13,-0.0019985471768425,12.94,-0.5093005687576782
2018-06-14,-0.0177986349939494,12.12,-0.4423921226229351
2018-06-15,-0.0012040940648045,11.98,-0.4368550397490403
2018-06-18,0.0025916341791919,12.31,-0.4389946320867935
2018-06-19,-0.0058406507295419,13.35,-0.4488960533785027
2018-06-20,-9.29843322069454e-05,12.79,-0.46096270117169935
2018-06-21,-0.0002790048843953,14.64,-0.4406107631190994
2018-06-22,-0.0165060485707494,13.77,-0.4719356214587534
2018-06-25,-0.009119470439537,17.33,-0.4475325735343567
2018-06-26,0.0006677796575364,15.92,-0.13717238956794905
2018-06-27,-0.0155697522939736,17.91,-0.42550913778540533
2018-06-28,0.0162370863194065,16.85,-0.16769962619845252
2018-06-29,-0.0069813318505531,16.09,-0.19856533523865277
2018-07-02,0.0084098354980724,15.6,-0.1365529456145977
2018-07-03,-0.0140881145536787,16.14,-0.2106589650431925
2018-07-05,0.0010611104068031,14.97,-0.060974030512973384
2018-07-06,0.0032726951916938,13.37,-0.03325637208701927
2018-07-09,0.0304745831112657,12.69,-0.12324704628059105
2018-07-10,-0.0061711275788081,12.64,-0.10977878747983108
2018-07-11,-0.0021595238663403,13.63,-0.13175291334568262
2018-07-12,0.0043143942368819,12.58,-0.15649597970697363
2018-07-13,-0.0045964153903375,12.18,-0.24200152689791216
2018-07-16,0.0389096745349677,12.83,-0.32036267982243916
2018-07-17,-0.0007237199519794,12.06,-0.30273046175740914
2018-07-18,0.009278092048638,12.1,-0.34210004902156843
2018-07-19,-0.0148137475476128,12.87,-0.2911483585334648
2018-07-20,0.0125696821563547,12.86,-0.31098276576642514
2018-07-23,0.0184308293383504,12.62,-0.37132264429807804
2018-07-24,0.0070329960222667,12.41,-0.3267327081525966
2018-07-25,0.0089827491027217,12.29,-0.329524746277224
2018-07-26,-0.0028691929434191,12.14,-0.1533623485563764
2018-07-27,0.0102218492243468,13.03,-0.3002060591230436
2018-07-30,0.0060147973051178,14.26,-0.22293322973307475
2018-07-31,-0.0153663244553813,12.83,-0.2506587698199576
2018-08-01,0.0061576015208814,13.15,-0.04013038761436467
2018-08-02,0.0042276064863459,12.19,0.02297913724552133
2018-08-03,0.008060410644215,11.64,0.01704220293846006
2018-08-06,0.0002561803523681,11.27,0.04788569158491039
2018-08-07,0.0036647247730769,10.93,0.05889715001038993
2018-08-08,0.0020396029846147,10.85,0.13325416277223448
2018-08-09,-0.0077556105282492,11.27,0.19548070575937415
2018-08-10,-0.0098878755824575,13.16,0.11845213256301941
2018-08-13,-0.0160268215737266,14.78,-0.2020885897394516
2018-08-14,0.0066509390176538,13.31,-0.181345328465073
2018-08-15,-0.008320608547423,14.64,-0.24171909125768806
2018-08-16,0.0093667249360866,13.45,-0.20331818871332802
2018-08-17,0.0,12.64,-0.22212193236247232
2018-08-20,-0.0013078165689854,12.49,-0.24272196387693235
2018-08-21,0.0060885636466098,12.86,-0.22834920689573587
2018-08-22,-0.0030396480045525,12.25,-0.20784168561930128
2018-08-23,-0.0020896829545971,12.41,-0.2146778969223437
2018-08-24,-0.0004359007958825,11.99,-0.24875978668294596
2018-08-27,0.017546584409093,12.16,-0.33906937934711495
2018-08-28,-0.0048958654803584,12.5,-0.3386484898509867
2018-08-29,-0.0032772776206753,12.25,-0.3657459709120288
2018-08-30,-0.0049361433848134,13.53,-0.3801038557254542
2018-08-31,-0.0053096699579832,12.86,-0.3531599785241358
2018-09-04,0.0049623572862625,13.16,-0.32838775323191227
2018-09-05,-0.0048750858283373,13.91,-0.3171764589450019
2018-09-06,-0.0042852835703269,14.65,-0.31294859716170886
2018-09-07,0.0019262767535819,14.88,-0.3641898923551228
2018-09-10,-0.0053501859849804,14.16,-0.40062370964833194
2018-09-11,0.0063119346929921,13.22,-0.25690947346492793
2018-09-12,-0.0118677495042338,13.14,-0.25045932113338837
2018-09-13,0.0038835000263976,12.37,-0.18760270408327556
2018-09-14,-0.0001761959303297,12.07,-0.23763352958945344
2018-09-17,0.0029911168601395,13.68,-0.2084907578175236
2018-09-18,0.004032617019168,12.79,-0.2234244714736773
2018-09-19,0.028632518231045,11.75,-0.3751269743850243
2018-09-20,0.0085503166412019,11.8,-0.4340300845405678
2018-09-21,-0.0065967762908717,11.68,-0.36192044455965866
2018-09-24,-0.0096347251676099,12.2,-0.31643259335550156
2018-09-25,-0.0028312832606452,12.42,-0.2531661019537201
2018-09-26,-0.0118405946682768,12.89,-0.2533900549206442
2018-09-27,-0.0043565460556938,12.41,-0.25333777375661115
2018-09-28,-0.0147785940961187,12.12,-0.15652715514051366
2018-10-01,0.0058319507876617,12.0,-0.18568153684094063
2018-10-02,0.0041324189461866,12.05,-0.2136249294891921
2018-10-03,0.0093446381050927,11.61,-0.23935854745535778
2018-10-04,0.0019973086401844,14.22,-0.18422469995085214
2018-10-05,-0.0056548934893297,14.82,-0.2780826980534568
2018-10-08,0.0060885636466098,15.69,-0.11190382560049453
2018-10-09,-0.0069613925402871,15.95,-0.1963066682634758
2018-10-10,-0.0269939838283821,22.96,-0.5528336229885739
2018-10-11,-0.0304212894440863,24.98,-0.6919471210448888
2018-10-12,-0.010972771429031,21.31,-0.6848651962702343
2018-10-15,-0.0057199274522222,21.3,-0.6537017782100948
2018-10-16,0.0212140445305069,17.62,-0.5346316501914365
2018-10-17,0.0110781631935552,17.4,-0.4689734007564246
2018-10-18,-0.0159695023721429,20.06,-0.4720835711334397
2018-10-19,-0.0016666670524693,19.89,-0.47186192128762805
2018-10-22,-0.0144679800008231,19.64,-0.5241188890490435
2018-10-23,-0.0104910938123282,20.71,-0.5378309611114213
2018-10-24,-0.0187979065439486,25.23,-0.6190448579978375
2018-10-25,0.0150855611258446,24.22,-0.46693553587416714
2018-10-26,-0.0138277601763112,24.16,-0.5761780719324112
2018-10-29,0.0137323903798535,24.7,-0.4279041215651214
2018-10-30,0.0174904009597788,23.35,-0.3175593670571348
2018-10-31,0.0215101933284271,21.23,-0.22114542026937517
2018-11-01,-0.0003669724811824,19.34,-0.21398845284152607
2018-11-02,-0.0055208090169842,19.51,-0.2509070180912022
2018-11-05,0.0065296594716973,19.96,-0.2280181029283808
2018-11-06,0.0046641449042496,19.91,-0.2998283897874476
2018-11-07,0.0170078280998324,16.36,-0.34237819621053434
2018-11-08,0.0080407830703046,16.72,-0.23551703143509145
2018-11-09,-0.0097465786987183,17.36,-0.15979550588219255
2018-11-12,-0.0212503455947048,20.45,-0.14246163994833483
2018-11-13,0.0058570680846718,20.02,-0.07225459178688665
2018-11-14,-0.0208379289818678,21.25,-0.03733365989896407
2018-11-15,0.0252083265418673,19.98,-0.07562694981288132
2018-11-16,-0.000727074466275,18.14,-0.07092826482276955
2018-11-19,0.0076080432185364,20.1,-0.09993466822405497
2018-11-20,-0.0217082585146782,22.48,-0.1499812280484361
2018-11-21,-0.0074969114141782,20.8,-0.02888631147358786
2018-11-23,-0.0092398809413454,21.52,-0.13463707704734124
2018-11-26,0.024177918050212,18.9,-0.0869953025886151
2018-11-27,0.0042013031018308,19.02,-0.21394164773206414
2018-11-28,0.011057848557686,18.49,-0.39806426752389296
2018-11-29,-0.0079638429954756,18.79,-0.4963786214683374
2018-11-30,0.0102147780835451,18.07,-0.511810316498125
2018-12-03,0.0093989860790476,16.44,-0.5196177949570658
2018-12-04,-0.0456633755621511,20.74,-0.5345048740979029
2018-12-06,-0.0192078214808715,21.19,-0.5694359523240856
2018-12-07,-0.0182276727326405,23.23,-0.5500151506858868
2018-12-10,-0.0188620300056585,22.64,-0.5577260552670925
2018-12-11,-0.0098151781871746,21.76,-0.6141416657843151
2018-12-12,0.0064551592141974,21.46,-0.5856020041103281
2018-12-13,0.0009894133586408,20.65,-0.5815001884545384
2018-12-14,-0.0082419412984303,21.63,-0.5736500064974316
2018-12-17,-0.0128451339656936,24.52,-0.5875184549065353
2018-12-18,-0.0047582980186062,25.58,-0.5101280225859748
2018-12-19,-0.0127663481284806,25.58,-0.49633581684180544
2018-12-20,-0.0086714696355982,28.38,-0.42675365680051097
2018-12-21,-0.0239230798297662,30.11,-0.49028839390439233
2018-12-24,-0.0217925000142009,36.07,-0.5012754315411654
2018-12-26,0.0406222784637228,30.41,-0.13665801572148475
2018-12-27,0.011191826664301,29.96,-0.0390264743358161
2018-12-28,-0.002166401012355,28.34,0.02878826176057254
2018-12-31,0.0081255268355616,25.42,0.03253085302456772
2019-01-02,0.0171638804562657,23.22,0.0786423550386768
2019-01-03,-0.0224019143090044,25.45,0.17861771516089936
2019-01-04,0.0362021333212607,21.38,-0.06463306801714884
2019-01-07,0.0006949615568859,21.4,-0.12482354192418227
2019-01-08,-0.0018874490280205,20.47,-0.14754151996831935
2019-01-09,-0.00169179519876,19.98,-0.17632586793247182
2019-01-10,-9.960655419365843e-05,19.5,-0.1952661314848618
2019-01-11,-0.004792819958508,18.19,-0.15196424636704675
2019-01-14,0.010256500167189,19.07,-0.18326908855351032
2019-01-15,0.0073043459690824,18.6,-0.2209297120156671
2019-01-16,0.0080321716972642,19.04,-0.23918002825460735
2019-01-17,0.0040891888350805,18.06,-0.233743338331973
2019-01-18,0.0160959573526335,17.8,-0.25730720896195786
2019-01-22,-0.0159016505415684,20.8,-0.19212685263543458
2019-01-23,-0.0025289382216687,19.52,-0.07041359470799317
2019-01-24,0.0005841690361819,18.89,0.2451476170435062
2019-01-25,0.0063067205594798,17.42,-0.06475266481181591
2019-01-28,0.0047281411959458,18.87,-0.18623215999850848
2019-01-29,0.0027877932018098,19.13,-0.1504158020358535
2019-01-30,0.0023012763056614,17.66,-0.22464902512426438
2019-01-31,-0.0087538435965951,16.57,-0.27825707257763793
2019-02-01,0.0036647740891239,16.14,0.12214741296569198
2019-02-04,0.0035554738843632,15.73,-0.28427297345259567
2019-02-05,-0.004422233701713,15.57,-0.17687840567962454
2019-02-06,-0.0004818580539436,15.38,-0.10690724885030102
2019-02-07,-0.0131963878938169,16.37,0.03324460757687488
2019-02-08,-0.0100128450165535,15.72,0.1312133350579831
2019-02-11,-0.0047468443562195,15.97,0.17490823015066925
2019-02-12,0.0169062410800049,15.43,-0.021868157680656065
2019-02-13,0.0047644603716241,15.65,-0.07751305180303375
2019-02-14,-0.0065203870738891,16.22,-0.10738656023429591
2019-02-15,0.0301027682599252,14.91,-0.2756486204425289
2019-02-19,-0.0035116061331313,14.88,-0.29565422294664584
2019-02-20,0.0048371128600578,14.02,-0.14589397534472406
2019-02-21,-0.0020837287327331,14.46,-0.08673512686030918
2019-02-22,-0.0044662021309994,13.51,-0.02463957274371945
2019-02-25,0.0104216954624141,14.85,-0.09051605569695084
2019-02-26,-0.0076635977512693,15.17,-0.13024856708071383
2019-02-27,-0.0012354480069875,14.7,-0.2058404287065307
2019-02-28,-0.0076365395931526,14.78,-0.2408557502160785
2019-03-01,0.0006705302229296,13.57,-0.16477799283912886
2019-03-04,-0.002300835067365,14.63,-0.18495856234404245
2019-03-05,-0.0007681229374308,14.74,-0.20273173193491567
2019-03-06,-0.0037530718161979,15.74,-0.20302161385931114
2019-03-07,-0.0072572770018042,16.59,-0.2486799567658318
2019-03-08,0.0003883872269425,16.05,-0.15492101802475786
2019-03-11,0.0129245626276076,14.33,-0.1615370178203594
2019-03-12,-0.0029751929427588,13.77,-0.08569877184252198
2019-03-13,0.0033584448397561,13.41,-0.1665783449915011
2019-03-14,0.0090593286350363,13.5,-0.24458338199536162
2019-03-15,0.0114211444893827,12.88,-0.26442996929925466
2019-03-18,0.0059886021588019,13.1,-0.513908507037845
2019-03-19,-0.0036450341773337,13.56,-0.45989827872444994
2019-03-20,-0.0215794858736827,13.91,-0.29120960745360897
2019-03-21,-0.0159123855094729,13.63,-0.20046310966886174
2019-03-22,-0.0306987537711576,16.48,-0.41854749626768945
2019-03-25,-0.0083547720366498,16.33,-0.46661033608348756
2019-03-26,0.009957336482191,14.68,-0.43443423378806495
2019-03-27,-0.0034085246032855,15.15,-0.43450076774383267
2019-03-28,0.0112837584460165,14.43,-0.42111166310224984
2019-03-29,0.0051500559506072,13.71,-0.43273826128095605
2019-04-01,0.0331307320982281,13.4,-0.4679526268723517
2019-04-02,0.0047669076824133,13.36,-0.4716680674190392
2019-04-03,0.0019953448588959,13.74,-0.46942526960905945
2019-04-04,0.0019913713849254,13.58,-0.4592286963648059
2019-04-05,-0.0023711302426175,12.82,-0.46294761601349765
2019-04-08,0.0032233626695599,13.18,-0.49099240195626287
2019-04-09,-0.0074102562157519,14.28,-0.4988638588558231
2019-04-10,0.0044717262089294,13.3,-0.5006497744847912
2019-04-11,0.0084133407366788,13.02,-0.506698648802353
2019-04-12,0.0458137510388285,12.01,-0.5955483558269411
2019-04-15,-0.0114855433982362,12.32,-0.5015058910507655
2019-04-16,0.01049593421307,12.18,-0.515464152611139
2019-04-17,0.0283958741551807,12.6,-0.5645732231101499
2019-04-18,-0.0073762189023439,12.09,-0.5107933613050331
2019-04-22,0.0012331543886297,12.42,-0.30979676416995894
2019-04-23,0.0012316355916026,12.28,-0.1806945299209765
2019-04-24,-0.0016718733270861,13.14,-0.21282611962700893
2019-04-25,0.0005282620302456,13.25,-0.15509565372346626
2019-04-26,0.0075412493485717,12.73,-0.2161951534896707
2019-04-29,0.0143113592260442,13.11,-0.20868291024973795
2019-04-30,-0.0006030064359831,13.12,-0.32860441204216356
2019-05-01,-0.0076986669764709,14.8,-0.3911738561277967
2019-05-02,0.0021685396883383,14.42,-0.37348853586876896
2019-05-03,0.0061331337241157,12.87,-0.3719477004582043
2019-05-06,-0.0089097081760293,15.44,-0.4390017966252117
2019-05-07,-0.0164699298903817,19.32,-0.5059847452962427
2019-05-08,-0.0053139793810837,19.4,-0.4746115909494222
2019-05-09,-0.000799538087278,19.1,-0.4457412660316001
2019-05-10,-8.887703867544322e-05,16.04,-0.44248575570756105
2019-05-13,-0.0275742826141085,20.55,-0.5883372100404909
2019-05-14,0.0079174095161743,18.06,-0.5825107263076682
2019-05-15,-0.0038143720754705,16.44,-0.5651792178180227
2019-05-16,0.0127482400955587,15.29,-0.5272580494446785
2019-05-17,-0.0048631219762929,15.96,-0.5954187189273338
2019-05-20,0.0052224141745351,16.31,-0.5835473229469103
2019-05-21,0.0034068528558699,14.95,-0.5986775762462677
2019-05-22,-0.008177983120043,14.75,-0.593675910604821
2019-05-23,-0.0198675996288175,16.92,-0.5900526482158747
2019-05-24,0.0098008570190135,15.85,-0.5513318436476501
2019-05-28,-0.0109060330386685,17.5,-0.5035962422288298
2019-05-29,-0.0027682955761417,17.9,-0.5076686547371798
2019-05-30,-0.0107767672493539,17.3,-0.5462756820058333
2019-05-31,-0.0103277605613664,18.71,-0.5473037061168403
2019-06-03,0.0047076633407423,18.86,-0.43846496881884667
2019-06-04,0.0303446038862179,16.97,-0.4136626516900244
2019-06-05,0.0035475545460232,16.09,-0.37493417754014047
2019-06-06,0.0021768716079401,15.93,-0.37648560275494086
2019-06-07,-0.0110236619446549,16.3,-0.3766526994614133
2019-06-10,0.0107518120041471,15.94,-0.3949236450264288
2019-06-11,0.0030766470744404,15.99,-0.1491813209451668
2019-06-12,-0.0128212713360712,15.91,-0.1670765779639884
2019-06-13,0.0024678957729214,15.82,-0.1737313228975211
2019-06-14,0.0025528824951512,15.28,-0.12942160129555985
2019-06-17,-0.0054784651267188,15.35,-0.11346196115256939
2019-06-18,0.0135499731473678,15.15,-0.17243557002035417
2019-06-19,-0.0072523207905664,14.33,-0.09404230504921
2019-06-20,0.0025442994188765,14.75,-0.15876232437725818
2019-06-21,-0.0068296946254453,15.4,-0.0960411910343142
2019-06-24,-0.0071527127508632,15.26,-0.051911880582874076
2019-06-25,-0.0083172090212683,16.28,-0.00012706054178570925
2019-06-26,0.0066592920899767,16.21,0.02253975581241251
2019-06-27,0.0033130897229601,15.82,0.08567893750148002
2019-06-28,0.0268326468059532,15.08,0.15284652130299925
2019-07-01,0.0166759230678464,14.06,0.017677263661554195
2019-07-02,0.0010550379033853,12.93,-0.21310275627041378
2019-07-03,-0.0086488933804005,12.57,-0.040365165368012504
2019-07-05,0.0059210990012174,13.28,-0.08061536915284034
2019-07-08,-0.0054780133455124,13.96,0.028575106770527336
2019-07-09,0.0042436629860029,14.09,-0.028159391006900913
2019-07-10,-0.0029155827518406,13.03,-0.003144438077906434
2019-07-11,0.0095104626663326,12.93,0.01841300347386931
2019-07-12,0.0104621704069834,12.39,-0.05983059210836982
2019-07-15,-0.0122165568218767,12.68,0.042203127150270685
2019-07-16,0.0106541921259759,12.86,0.030844220003642318
2019-07-17,-0.0098643373304252,13.97,-0.009794081621168748
2019-07-18,0.0059477128015259,13.53,-0.009700340013134067
2019-07-19,-0.0099032403076328,14.45,-0.03065405709909658
2019-07-22,0.006408871416042,13.53,0.010583800689383223
2019-07-23,0.0181247644683786,12.61,-0.01329119842292225
2019-07-24,0.004031053102056,12.07,0.1254550128823364
2019-07-25,-0.0096328258408109,12.74,0.15289216717801538
2019-07-26,0.0043978857587134,12.16,0.17052197178661585
2019-07-29,-0.0031886957685743,12.83,-0.13321636567848272
2019-07-30,-0.0022468035722092,13.94,-0.3017626181359533
2019-07-31,0.0035407438001886,16.12,-0.1651698393232588
2019-08-01,-0.026733486861674,17.87,-0.5689504076450752
2019-08-02,-8.85465091117068e-05,17.61,-0.47367296457168306
2019-08-05,-0.0302045433182771,24.59,-0.6800632512212964
2019-08-06,0.0078182216417375,20.17,-0.5423460824208698
2019-08-07,-0.0219728697301459,19.49,-0.6001710760330781
2019-08-08,0.0167978615855808,16.91,-0.5130310947344767
2019-08-09,-0.001092896283645,17.97,-0.47972168129989684
2019-08-12,-0.0189500657344115,21.09,-0.5749994646441992
2019-08-13,0.0152984275704354,17.52,-0.49604972305926226
2019-08-14,-0.0424085215799115,22.1,-0.6055948088878462
2019-08-15,0.0038095284166676,21.18,-0.5371033127823825
2019-08-16,0.0236719676397885,18.47,-0.48725668437738
2019-08-19,0.0089645256316973,16.88,-0.47313272695873154
2019-08-20,-0.0127779516360594,17.5,-0.42303991189105217
2019-08-21,0.0027917382732649,15.8,-0.4204051391571815
2019-08-22,0.0102621896305874,16.68,-0.4866205336302022
2019-08-23,-0.0251480142832283,19.87,-0.5085419190530096
2019-08-26,0.0079853869771453,19.32,-0.5428480783442782
2019-08-27,-0.0106298917295012,20.31,-0.5966256567336241
2019-08-28,0.0099746757187904,19.35,-0.5784585630400604
2019-08-29,0.0224062701979132,17.88,-0.6511656805043453
2019-08-30,0.0058426311904667,18.98,-0.6545745697262206
2019-09-03,-0.0119038123878605,19.66,-0.5904508240812462
2019-09-04,0.0119948331861758,17.33,-0.6369022586006009
2019-09-05,0.0224991492070213,16.27,-0.6671351507968017
2019-09-06,0.002133523789123,15.0,-0.5951485746509729
2019-09-09,0.024473832365065,15.27,-0.6382088576228498
2019-09-10,0.0126578518710663,15.2,-0.6039992519724854
2019-09-11,0.0027343433254452,14.61,-0.5606474210693929
2019-09-12,0.006125072318071,14.22,-0.3685955163738352
2019-09-13,0.0194849533982358,13.74,-0.43570551335147917
2019-09-16,-0.0089394471417363,14.67,-0.41588553344566975
2019-09-17,-0.0049636243751024,14.44,-0.35546157514281673
2019-09-18,0.0099862366413939,13.95,-0.3578984098838055
2019-09-19,-0.0031780573708691,14.05,-0.3098976176448699
2019-09-20,-0.0040288790437675,15.32,-0.2890772037582118
2019-09-23,-0.0001682227272872,14.91,-0.11489624620029631
2019-09-24,-0.0131241035339166,17.05,-0.1656585773297884
2019-09-25,0.0056941470301323,15.96,-0.02846489058906446
2019-09-26,-0.0082543122789899,16.07,-0.08678531983953598
2019-09-27,0.0058786111785971,17.22,-0.20352467032814894
2019-09-30,-0.000254874475701,16.24,-0.26152056376097965
2019-10-01,-0.0183507121691811,18.56,-0.2873942857351152
2019-10-02,-0.0201055723572462,20.56,-0.5290525256038332
2019-10-03,-0.0094039018062701,19.12,-0.627842630172194
2019-10-04,0.021428446566718,17.04,-0.5178481009468048
2019-10-07,-0.002183502330466,17.86,-0.5332503808793946
2019-10-08,-0.0225483711946262,20.28,-0.6119352914791794
2019-10-09,0.007217674461106,18.64,-0.5375996819957688
2019-10-10,0.0139307490029105,17.57,-0.46464426255004204
2019-10-11,0.0167575008813882,15.58,-0.4051055460059629
2019-10-14,0.0026656363864461,14.57,-0.4607141572093353
2019-10-15,0.0296963575504583,13.54,-0.5856585869463052
2019-10-16,-0.0023368396546411,13.68,-0.5229714491603578
2019-10-17,0.0055826500029136,13.79,-0.562071276474181
2019-10-18,0.0017433900891591,14.25,-0.5666407291924856
2019-10-21,0.0244983781163791,14.0,-0.6197978814886986
2019-10-22,0.009986392085144,14.46,-0.6327783390938019
2019-10-23,0.0026409522772379,14.01,-0.6123997905153731
2019-10-24,-0.0007195682900927,13.71,-0.590473269971291
2019-10-25,0.007966265342492,12.65,-0.5896368956941491
2019-10-28,0.0038013825771779,13.11,-0.5714885166570897
2019-10-29,-0.0006325611027718,13.2,-0.49787154222167324
2019-10-30,-0.0055520447187165,12.33,-0.28894856304177463
2019-10-31,-0.006463218190212,13.22,-0.15122919476471045
2019-11-01,0.0227930095285565,12.3,-0.3055057075603019
2019-11-04,0.0079495391753101,12.83,-0.27642163631875866
2019-11-05,0.0021712167338522,13.1,0.16172028502117516
2019-11-06,0.0015479879252151,12.62,0.23796572673914454
2019-11-07,0.0053991646777706,12.73,0.17556005545218784
2019-11-08,0.0029188130408107,12.07,0.06464965861226257
2019-11-11,-0.0035343870830255,12.69,0.13893677222392287
2019-11-12,-0.0058669305232932,12.68,0.13251755217574163
2019-11-13,-0.0052786956916229,13.0,0.1732764883519159
2019-11-14,0.0009335616050675,13.05,0.16576267140336423
2019-11-15,0.0072057027386457,12.05,0.1536475062833794
2019-11-18,0.0083798299323463,12.46,-0.1083435105436816
2019-11-19,-0.0003062787160236,12.86,-0.3220150973475977
2019-11-20,-0.007301827146536,12.78,-0.3801678739454617
2019-11-21,0.0023116052826936,13.13,-0.3833166074121339
2019-11-22,0.0065971396064159,12.34,-0.4021536503166772
2019-11-25,0.0053378195977665,11.87,-0.43272124932675576
2019-11-26,0.0013679892694245,11.54,-0.34955555134509975
2019-11-27,0.002957572398173,11.75,-0.3744300453328521
2019-11-29,-0.0022742788970404,12.62,-0.3096844080968497
2019-12-02,-0.0022033971608719,14.91,-0.3500259057220934
2019-12-03,-0.0129379795154905,15.96,-0.6392810441297523
2019-12-04,0.0195336593908909,14.8,-0.2129749967852224
2019-12-05,0.0054257857298279,14.52,-0.15900967044986042
2019-12-06,0.0147708765339053,13.62,-0.09263740236645644
2019-12-09,-0.00467620076459,15.86,-0.16627112115282652
2019-12-10,0.0006693689588368,15.68,-0.18263902248712077
2019-12-11,-0.0023820169071517,14.99,-0.24201505183833888
2019-12-12,0.0282164200577137,13.94,-0.1677769274790298
2019-12-13,-0.0088055002604331,12.63,-0.12341308009603537
2019-12-16,0.0038665012605076,12.14,-0.10564246106394647
2019-12-17,0.0060975798681185,12.29,-0.09871561114583727
2019-12-18,-0.0010136848308462,12.58,-0.09234268969684353
2019-12-19,-0.0050110856885198,12.5,-0.09076352569839556
2019-12-20,-0.0008011945510338,12.51,-0.07730918640333537
2019-12-23,-0.0002915026984642,12.61,-0.05195992976850896
2019-12-24,0.0027658508060834,12.67,-0.03600167877357194
2019-12-26,0.0105560954192137,12.65,-0.07381963316790041
2019-12-27,0.0007189589784132,13.43,-0.07382978023387209
2019-12-30,-0.0036721069452104,14.82,-0.12376645976699181
2019-12-31,0.0055389847761389,13.78,-0.10175538181366128
2020-01-02,0.0120504862986428,12.47,0.023778429451019677
2020-01-03,-0.0196835614526276,14.02,-0.12839429239857106
2020-01-06,-0.0007954586961728,13.85,-0.15257170524446118
2020-01-07,-0.0171468211838826,13.79,-0.18394953206537276
2020-01-08,0.0077707304005336,13.45,-0.14124748728895437
2020-01-09,0.0036445845430283,12.54,-0.17257060872272353
2020-01-10,-0.0100179990331782,12.56,-0.10970692755112409
2020-01-13,0.0082702560890177,12.32,-0.4005350172239296
2020-01-14,0.0115943327809194,12.39,-0.46905029215734906
2020-01-15,-0.0150990092653687,12.42,-0.3555915614339735
2020-01-16,0.0038690415823045,12.32,-0.3458416176717666
2020-01-17,0.0068978309439293,12.1,-0.37930612877499237
2020-01-21,-0.0098895512241655,12.85,-0.38357564898304713
2020-01-22,-0.0011699328623128,12.91,-0.3892417084638729
2020-01-23,-0.0010248152569569,12.98,-0.3922273031906236
2020-01-24,-0.0251412997301928,14.56,-0.516626521166701
2020-01-27,-0.0084471427688315,18.23,-0.39006784121570687
2020-01-28,0.0180144479750515,16.28,-0.1583638465284402
2020-01-29,-0.0014888709666167,16.39,-0.13996377753012398
2020-01-30,0.0122909884328612,15.49,-0.0689985205947709
2020-01-31,-0.0263202518789944,18.84,-0.25854617887386805
2020-02-03,0.0076017375808916,17.97,-0.1723865181961293
2020-02-04,0.0142934019809656,16.05,-0.1113008325884235
2020-02-05,0.0168576258244562,15.15,-0.10378875568276481
2020-02-06,0.0001453488374652,14.96,-0.09215080471237089
2020-02-07,-0.0032025647868748,15.47,-0.08609845054349609
2020-02-10,0.0041468176262367,15.04,-0.12895617612198035
2020-02-11,0.0018858350406525,15.18,-0.09433224658292547
2020-02-12,0.0,13.74,-0.03679252732156881
2020-02-13,-0.0008699435085401,14.15,-0.1290503875548422
2020-02-14,-0.0030507759552053,13.68,-0.09925873907277102
2020-02-18,-0.0133286484360214,14.83,-0.03584786367811768
2020-02-19,0.0135468699317047,14.38,-0.13133632045926014
2020-02-20,0.0,15.56,-0.15027665318861394
2020-02-21,-0.0122943370731655,17.08,-0.2164035017987148
2020-02-24,-0.0272435403433089,25.03,-0.5785352864344652
2020-02-25,-0.0456700368331883,27.85,-0.7605171936433538
2020-02-26,0.0030051426332771,27.56,-0.6008378362915799
2020-02-27,-0.0425046844544865,39.16,-0.7156486406334075
2020-02-28,-0.0443057134793553,40.11,-0.7781639186413979
2020-03-02,0.0455408406486026,33.42,-0.451308647572664
2020-03-03,-0.0382468622860491,36.82,-0.5153313774247378
2020-03-04,0.0244089648789249,31.99,-0.39268778385053965
2020-03-05,-0.0503057050127494,39.62,-0.45988458525117876
2020-03-06,-0.0530635622157004,41.94,-0.5267395799825447
2020-03-09,-0.1455521745720265,54.46,-0.6886533712284666
2020-03-10,0.0748262806445996,47.3,-0.39918660786363774
2020-03-11,-0.0482143617530228,53.9,-0.41548390641751803
2020-03-12,-0.0860266030292786,75.47,-0.4978160562387712
2020-03-13,0.1656203049223402,57.83,-0.1371665859318593
2020-03-16,-0.1621057613126389,82.69,-0.3475489162173441
2020-03-17,0.0593189472767861,75.91,-0.21483892562617649
2020-03-18,-0.1112319089704993,76.45,-0.27111850225481343
2020-03-19,0.0166680376394301,72.0,-0.21268198831463353
2020-03-20,-0.0213278226408236,66.04,-0.20860138793849883
2020-03-23,-0.0550191046399258,61.59,-0.23143478665111228
2020-03-24,0.1123837513707599,61.67,-0.20454162891308286
2020-03-25,0.0366382009339205,63.95,-0.1748907027081807
2020-03-26,0.0673417398687243,61.0,-0.18019369528944823
2020-03-27,-0.0739041608822532,65.54,-0.22623210557715986
2020-03-30,0.0256743777866058,57.08,-0.18469959298163263
2020-03-31,-0.0378184881742558,53.54,-0.2173842615216828
2020-04-01,-0.0650495925098116,57.06,-0.17879909521859946
2020-04-02,0.0366597169371658,50.91,-0.26828625627019204
2020-04-03,-0.0403412126931151,46.8,-0.3038187165763157
2020-04-06,0.0623797381500773,45.24,-0.4348942232805768
2020-04-07,0.0131040187150488,46.7,-0.3901838565931809
2020-04-08,0.0395855729196609,43.35,-0.43273543829236166
2020-04-09,0.085914982602271,41.67,-0.43483483081634056
2020-04-13,-0.045491795060484,41.17,-0.39827737628228266
2020-04-14,-0.0277781296945142,37.76,-0.14227017960039134
2020-04-15,-0.0505771001030186,40.84,-0.18328034218969463
2020-04-16,-0.0388551009580243,40.11,0.06534195986435029
2020-04-17,0.0860757892673229,38.15,-0.06162562645008059
2020-04-20,-0.0371384111221116,43.83,0.001650776337781486
2020-04-21,-0.0294334148351821,45.41,0.09042456498743519
2020-04-22,0.003251306188302,41.98,-0.06347721245447245
2020-04-23,0.0005595031757885,41.38,-0.1505006901219103
2020-04-24,0.0146587855270915,35.93,-0.3389499743536155
2020-04-27,0.0422012655761493,33.29,-0.2369818687620747
2020-04-28,0.0070560031570948,33.57,-0.3240104157074168
2020-04-29,0.0266130125008804,31.23,-0.29395558693166585
2020-04-30,-0.0216928246112597,34.15,-0.05995452926729424
2020-05-01,-0.0265610027257928,37.19,-0.1297763052889417
2020-05-04,-0.0119748990161539,35.97,-0.03421747147591083
2020-05-05,-0.0015205824587305,33.61,-0.13753763792639687
2020-05-06,-0.0189833977389767,34.12,-0.15139125207751444
2020-05-07,0.0103593608820034,31.44,-0.24669330287949776
2020-05-08,0.0162039323797425,27.98,-0.46001355753611395
2020-05-11,-0.029892191142782,27.57,-0.30424267244738107
2020-05-12,-0.033223394627605,33.04,-0.25875117323109015
2020-05-13,-0.0350790088612954,35.28,-0.18887902391570213
2020-05-14,0.0406934607335441,32.61,-0.17493290976447876
2020-05-15,-0.0186835096834613,31.89,-0.3134634330154096
2020-05-18,0.0516133828510945,29.3,-0.3040788058976922
2020-05-19,-0.0198755984493884,30.53,-0.1593311885354686
2020-05-20,0.0295577073116719,27.99,-0.2720623101592483
2020-05-21,-0.0127825431917722,29.53,-0.2949642591263345
2020-05-22,-0.0077934039523107,28.16,-0.31334323907091105
2020-05-26,0.0685680578954713,28.01,-0.46722885373726325
2020-05-27,0.0563057579393323,27.62,-0.5366130324960001
2020-05-28,-0.015007984321845,28.59,-0.5048303704134419
2020-05-29,-0.0258674462385655,27.51,-0.41216548073628106
2020-06-01,0.0131695027746921,28.23,-0.3747717511453037
2020-06-02,0.0033412677265416,26.84,-0.3519053652339635
2020-06-03,0.0525711594663705,25.66,-0.43323106211379525
2020-06-04,0.0205977573079867,25.81,-0.40723562291285087
2020-06-05,0.0440186834944495,24.52,-0.467349035439145
2020-06-08,0.0197620816219128,25.81,-0.46684795966948
2020-06-09,-0.0259847648207338,27.57,-0.4726315017013499
2020-06-10,-0.0413724746961329,27.57,-0.35127083871783277
2020-06-11,-0.0871313848760063,40.79,-0.56180987476654
2020-06-12,0.0269957534220657,36.09,-0.5200746384717133
2020-06-15,0.0137233657316052,34.4,-0.4677158522512133
2020-06-16,0.0079681696491768,33.67,-0.4699268613709762
2020-06-17,-0.0256042567006214,33.47,-0.48944514846723786
2020-06-18,-0.0054430131356414,32.94,-0.48637927926142316
2020-06-19,-0.0114867844971609,35.12,-0.4956634309042
2020-06-22,-0.0108964893925103,31.77,-0.5107025495590488
2020-06-23,0.0121226058228119,31.37,-0.5057249751639767
2020-06-24,-0.0339614132546012,33.84,-0.5125448265666362
2020-06-25,0.0342677076058649,32.22,-0.48832378865202286
2020-06-26,-0.0563780876240111,34.73,-0.5605193833521079
2020-06-29,0.0044183486933002,31.78,-0.5517148747376847
2020-06-30,0.011333383363646,30.43,-0.5606736582683272
2020-07-01,-0.0085415851367271,28.62,-0.4891382984947841
2020-07-02,-0.0064544113916726,27.68,-0.44681820441313763
2020-07-06,0.0249400116120385,27.94,-0.3822687621896385
2020-07-07,-0.0286160888407515,29.43,-0.2969649660356459
2020-07-08,0.0105593050935087,28.08,-0.3788310212585392
2020-07-09,-0.0218884022994779,29.26,-0.4627333468485985
2020-07-10,0.0532250382360549,27.29,-0.26701251075832194
2020-07-13,0.0142329135328127,32.19,-0.3919648210239051
2020-07-14,0.0057183858469949,29.52,-0.4582814747496665
2020-07-15,0.0153584912440937,27.76,-0.5151695204899898
2020-07-16,0.002803646574648,28.0,-0.47748820645863643
2020-07-17,-0.0186713805857687,25.68,-0.3641582349658854
2020-07-20,-0.0087998112106966,24.46,-0.27967070180032816
2020-07-21,0.0214537230320944,24.84,-0.3127170513052885
2020-07-22,-0.0072690880401379,24.32,-0.28756820468084127
2020-07-23,0.0029341853398242,26.08,-0.1831115307403268
2020-07-24,-0.0070972618707616,25.84,-0.289994477906994
2020-07-27,-0.0141410287562577,24.74,0.12224125768418898
2020-07-28,0.0043249990186012,25.44,0.11388115353850246
2020-07-29,0.0239605371238212,24.1,-0.008153330665860393
2020-07-30,-0.0270479122220726,24.76,0.09075546439964154
2020-07-31,-0.0039244086305656,24.46,0.1135525209010429
2020-08-03,-0.005603418210258,24.28,0.09767516205811226
2020-08-04,-0.0057396452899647,23.76,0.2423671917978765
2020-08-05,0.0172239161466954,22.99,0.15376567099925212
2020-08-06,0.0003085626149449,22.65,0.27970200362111064
2020-08-07,0.0217687367262519,22.21,0.100178093990014
2020-08-10,0.012598906777956,22.13,-0.1139175384535247
2020-08-11,0.0311088374469525,24.03,-0.20752092376845846
2020-08-12,-0.0085123361744744,22.28,-0.26826449835879945
2020-08-13,-0.005552593292929,22.13,-0.28346417417998604
2020-08-14,0.0003906631556667,22.05,-0.19143248814122152
2020-08-17,-0.0267183912466447,21.35,0.015978439178539548
2020-08-18,-0.0140385075829222,21.51,0.027851236947869746
2020-08-19,0.0023365683409499,22.54,0.0349578791851062
2020-08-20,-0.0120458786080643,22.72,0.034231921930974595
2020-08-21,-0.000513637075343,22.54,0.08516786233391285
2020-08-24,0.0277654881447373,22.37,0.09904524510378082
2020-08-25,0.0043877214390714,22.03,0.08281635223885284
2020-08-26,-0.0141291994283224,23.27,-0.03312775851616141
2020-08-27,0.0323697840364904,24.47,0.332159655119315
2020-08-28,0.0040951695296831,22.96,0.4099888052857595
2020-08-31,-0.02542509836581,26.41,0.05267410874683248
2020-09-01,-0.0004991763693728,26.12,0.040973163921996805
2020-09-02,0.014966333172557,26.57,0.12349715873210879
2020-09-03,-0.0031530226141295,33.6,0.00893896405173455
2020-09-04,0.0213823132923641,30.75,0.16617448910977714
2020-09-08,-0.0353949649352681,31.46,-0.045912390608226966
2020-09-09,0.0094626932494218,28.81,0.0038870301797636
2020-09-10,-0.0103638197184102,29.71,-0.04425817103404457
2020-09-11,0.0123446067382373,26.87,-0.03862939610618128
2020-09-14,0.0137567267250554,25.85,-0.03308097552506873
2020-09-15,-0.0316259319152747,25.59,-0.12424304110863177
2020-09-16,0.004221536071441,26.04,-0.18503880633657227
2020-09-17,-0.0115001771825829,26.46,-0.1859289861759473
2020-09-18,-0.0021329549501416,25.83,-0.23333169043932883
2020-09-21,-0.0313978078855334,27.78,-0.26141283818382505
2020-09-22,-0.0109717315414755,26.86,-0.16512347130841346
2020-09-23,-0.0163631264447442,28.58,-0.15628111630375008
2020-09-24,-0.0008629989748124,28.51,-0.21155920415243853
2020-09-25,0.0087036492059896,26.38,-0.1169273391830227
2020-09-28,0.0283729415924054,26.19,-0.13067551793662316
2020-09-29,-0.0084591387404694,26.27,-0.1647764721626065
2020-09-30,0.0096024117434471,26.37,-0.1813974593289494
2020-10-01,0.0072449085265797,26.7,-0.1708493291668816
2020-10-02,0.0094427469568841,27.63,-0.20512518959354822
2020-10-05,0.011679409662947,27.96,-0.381647173858211
2020-10-06,-0.0103522694548846,29.48,-0.1738166590486598
2020-10-07,0.0172949949323752,28.06,-0.17714784972879033
2020-10-08,0.0203470867469099,26.36,-0.15463425977791043
2020-10-09,-0.0057148643073213,25.0,-0.10833644505504328
2020-10-12,0.0121785044779592,25.07,-0.12566272229891684
2020-10-13,-0.0163373380788724,26.07,-0.22124309000866088
2020-10-14,-0.0055721537208734,26.4,-0.20420347361032354
2020-10-15,0.0148561710223402,26.97,-0.2182879451598096
2020-10-16,-0.0020666247575791,27.41,-0.24074087905912858
2020-10-19,-0.0169891324789214,29.18,-0.29681298301163167
2020-10-20,0.0056951745082906,29.35,-0.2742191076772374
2020-10-21,-0.0100131005824369,28.65,-0.2585282705238691
2020-10-22,0.0347130032460372,28.11,-0.13456110595283463
2020-10-23,0.0089990447158448,27.55,-0.12417350245619586
2020-10-26,-0.0250683695282308,32.46,-0.33139875343991204
2020-10-27,-0.0190462954496586,33.35,-0.47595192352796206
2020-10-28,-0.0284902099949176,40.28,-0.5794371997069065
2020-10-29,0.0065045916190007,37.59,-0.44976501225515825
2020-10-30,0.0089135368085642,38.02,-0.3385087102619193
2020-11-02,0.0222915075267666,37.13,-0.19059982906493084
2020-11-03,0.0310346030102051,35.55,-0.08760922004709429
2020-11-04,-0.031034603010205,29.57,-0.045223190816272685
2020-11-05,0.040083567336531,27.58,-0.06049121165851753
2020-11-06,-0.0134100702353385,24.86,-0.03645681319690181
2020-11-09,0.1269783051901516,25.75,-0.19468432058038113
2020-11-10,-0.0032559363867889,24.8,-0.20792688432435064
2020-11-11,-0.0150456794110172,23.45,-0.16815775907603953
2020-11-12,-0.0123604466507091,25.35,-0.1290904097301156
2020-11-13,0.0062431506364784,23.1,-0.1312149334570531
2020-11-16,0.027834798993444,22.45,-0.17198533867414537
2020-11-17,-0.0101967380205149,22.71,-0.1328122792664095
2020-11-18,-0.0074343357621568,23.84,-0.11253918282997238
2020-11-19,0.0026861937212766,23.11,-0.09911285401643105
2020-11-20,-0.0086038856924999,23.7,-0.07834127880192221
2020-11-23,0.0283963323329436,22.66,-0.07929550511370113
2020-11-24,0.0452002807794715,21.64,-0.09575444496555391
2020-11-25,-0.0105156868742013,21.25,0.06819831679312176
2020-11-27,-0.0066598396206091,20.84,0.11915137748014318
2020-11-30,-0.027939918653645,20.57,0.20114990291330895
2020-12-01,0.015655567627712,20.77,0.17469131381773478
2020-12-02,0.0190261343512629,21.17,0.07804492018303266
2020-12-03,-0.0065768076588665,21.28,0.32806174225581575
2020-12-04,0.0090320016248164,20.79,0.24691743056076967
2020-12-07,-0.0037670996969105,21.3,0.32148895858531557
2020-12-08,0.0009840906157482,20.68,-0.16283430802482243
2020-12-09,-0.007817361349189,22.27,-0.14807490950065064
2020-12-10,-0.0064644680615422,22.52,-0.10924708240198004
2020-12-11,-0.0059208779067881,23.31,-0.02306690270976391
2020-12-14,-0.010594566431396,24.72,-0.1158830182283843
2020-12-15,0.0169310892171885,22.89,-0.11242813683038293
2020-12-16,0.0029046868839797,22.5,-0.09413226689505079
2020-12-17,-0.0083215925000844,21.93,-0.050311778516617826
2020-12-18,-0.0049424184378493,21.57,-0.04732616191754251
2020-12-21,0.0368503962870435,25.16,0.25309472582200954
2020-12-22,-0.0153334706352613,24.23,0.1226954045341789
2020-12-23,0.0275611187614574,23.31,0.2615575030189147
2020-12-24,-0.0044072349874077,21.53,0.24884306070914794
2020-12-28,0.0065636992231221,21.7,0.22199174195480073
2020-12-29,-0.0026363106940576,23.08,0.09581035874552592
2020-12-30,0.0027958639452936,22.77,0.16697474166091494
2020-12-31,0.0135485176686775,22.75,0.25684756697532524
2021-01-04,-0.0094884874130293,26.97,0.046976162432132824
2021-01-05,-0.0017493643138123,25.34,0.06587349697695112
2021-01-06,0.0458867434967005,25.07,0.19979889166224443
2021-01-07,0.0323115387499304,22.37,0.13098719575064396
2021-01-08,0.0011033875112603,21.56,0.11816749453847347
2021-01-11,0.0148140046286708,24.08,0.11215015897987081
2021-01-12,0.0155966794026579,23.33,0.11218345083535816
2021-01-13,0.0009266850290699,22.21,0.19056174612174
2021-01-14,0.0058255350882167,23.25,0.1981702990142497
2021-01-15,-0.0180841924887576,24.34,0.12477645493978284
2021-01-19,-0.0043371471775479,23.24,0.08642297772451564
2021-01-20,-0.0151092250622079,21.58,0.12075839768725745
2021-01-21,-0.0084195475216113,21.32,0.0626834669396921
2021-01-22,-0.0077433191604554,21.91,0.14430856308887507
2021-01-25,-0.0125608059629389,23.19,0.13275077259166237
2021-01-26,-0.0040955688647369,23.02,0.11211064346187748
2021-01-27,-0.0286791163192711,37.21,-0.32252003192968526
2021-01-28,0.0174443311768039,30.21,-0.2174376444451373
2021-01-29,-0.011129259318486,33.09,-0.26652178364477513
2021-02-01,0.0073561058026713,30.24,-0.21841625069559414
2021-02-02,0.0303180156012328,25.56,-0.18620551098128915
2021-02-03,0.0113861695232257,22.91,-0.1947775437967402
2021-02-04,0.0227523622784158,21.77,-0.2676607372746502
2021-02-05,-0.0019548932844816,20.87,-0.22162870529874087
2021-02-08,0.0155331758244251,21.24,-0.25489076546483524
2021-02-09,-0.0040040093533821,21.63,-0.23847891437586208
2021-02-10,0.0005729838288835,21.99,-0.22928267958000015
2021-02-11,-0.0027964023528885,21.25,-0.2188820921898695
2021-02-12,0.0141168749615495,19.97,-0.2525036416236383
2021-02-16,0.0237856613955937,21.46,-0.29153906401665614
2021-02-17,0.003106128467998,21.5,-0.2968337166967393
2021-02-18,0.0033712921950923,22.49,-0.3459230637173025
2021-02-19,0.0165529476840858,22.05,-0.39513058594734196
2021-02-22,0.009346805093673,23.45,-0.43092091415562495
2021-02-23,0.0079995093607638,23.11,-0.4695877547759494
2021-02-24,0.0174421113185007,21.34,-0.5024370418450959
2021-02-25,-0.0136646456782275,28.89,-0.2736668558260803
2021-02-26,-0.0268827986880092,27.95,-0.4649278980109171
2021-03-01,0.0223747030129091,23.35,-0.3619147855795884
2021-03-02,-0.0032611256481314,24.1,-0.45534524528542675
2021-03-03,0.019147554479261,26.67,-0.4931488317680537
2021-03-04,-0.0154878371829905,28.57,-0.5739465981333274
2021-03-05,0.0023219567933896,24.66,-0.5666105636579328
2021-03-08,0.0131658803896009,25.47,-0.5700519842665747
2021-03-09,-0.0070880391259636,24.03,-0.548777484237934
2021-03-10,0.0215020011821434,22.56,-0.5944953426731284
2021-03-11,-0.0052351064787661,21.91,-0.5710199688053158
2021-03-12,0.0117887151316139,20.69,-0.6230636499164751
2021-03-15,-0.0050077146251778,20.03,-0.5202541902733598
2021-03-16,-0.0120436576187997,19.79,-0.36177972580694534
2021-03-17,0.0102398820862515,19.23,-0.3829204189208077
2021-03-18,0.0163717924197084,21.58,-0.4033537384224483
2021-03-19,-0.0160494509283444,20.95,-0.3057366265796327
2021-03-22,-0.0272467934830807,18.88,-0.12957433747415442
2021-03-23,-0.0100523430775005,20.3,-0.09631687646564885
2021-03-24,0.0077313101710615,21.2,-0.08229853563925295
2021-03-25,0.0127323024894731,19.81,-0.03919022340946877
2021-03-26,0.0165131824086827,18.86,0.09711211151643862
2021-03-29,-0.0156613656943324,20.74,0.09384017616663204
2021-03-30,0.0117204102432299,19.61,0.0731225870928453
2021-03-31,-0.0146721030490962,19.4,-0.0083401985191359
2021-04-01,0.0096751751656781,17.33,0.1423397468785939
2021-04-05,-0.0005856896663049,17.91,0.14795898912755254
2021-04-06,-0.0070551638344434,18.12,0.06334409488319244
2021-04-07,0.015546545272108,17.16,0.03769036303707357
2021-04-08,0.0012256089261958,16.95,-0.1299728238070799
2021-04-09,0.0074502592524734,16.69,-0.1423094508645854
2021-04-12,-0.0021138271330576,16.91,-0.17258960054635986
2021-04-13,-0.0119985957600501,16.65,-0.08133016987625086
2021-04-14,-0.0188672481691842,16.99,0.027871554796717938
2021-04-15,0.0063287178074453,16.57,-0.0212575528295221
2021-04-16,0.0073984689457453,16.25,-0.2036550780856845
2021-04-19,-0.0042490666968816,17.29,-0.10757805894258445
2021-04-20,-0.0223909725357385,18.68,-0.09033619595654542
2021-04-21,0.0084720829612375,17.5,-0.04534811707196681
2021-04-22,-0.0212823983812143,18.71,-0.1839602521980023
2021-04-23,0.0189547279923178,17.33,-0.3133360947393162
2021-04-26,0.0024605166195801,17.64,-0.40759145842849803
2021-04-27,0.0045724210738814,17.56,-0.3202180655116133
2021-04-28,0.0064584381602117,17.28,-0.5339152994075713
2021-04-29,0.0192576376123707,17.61,-0.41397012008326534
2021-04-30,-0.0089320982198144,18.61,-0.44634253972494886
2021-05-03,-0.0029299757263298,18.31,-0.4469268045194736
2021-05-04,0.0137290072466331,19.48,-0.21996943028668647
2021-05-05,0.0130353283468477,19.15,-0.08924846940937044
2021-05-06,0.0199246087227916,18.39,-0.023936317966361087
2021-05-07,0.0034168951953031,16.69,-0.006590057604051499
2021-05-10,-0.0001240463935102,19.66,-0.032009676622238234
2021-05-11,-0.0167629644464451,21.84,-0.2914725137096667
2021-05-12,-0.0068989798619761,27.59,-0.34378676687243753
2021-05-13,0.0253971951156776,23.13,-0.14126565411218991
2021-05-14,0.0154222589123062,18.81,-0.12907254963211956
2021-05-17,0.0040160696548899,19.72,-0.15319192887904276
2021-05-18,-0.0141889726810524,21.34,-0.24245320880107787
2021-05-19,-0.0076671370459596,22.18,-0.2691204848489657
2021-05-20,-0.0017394549953392,20.67,-0.3443536102157779
2021-05-21,0.011314226231073,20.15,-0.29514567266972497
2021-05-24,0.0053954759952019,18.4,-0.30812537580059274
2021-05-25,-0.0103876283615778,18.84,-0.273637280159595
2021-05-26,-0.0001235788434591,17.36,-0.24422604024653205
2021-05-27,0.0154518985814342,16.74,-0.24818502633771378
2021-05-28,-0.0006695273995501,16.76,-0.25166649395321417
2021-06-01,0.0109601751120773,17.9,-0.2898141286666489
2021-06-02,6.022101112890498e-05,17.48,-0.2722063287658793
2021-06-03,0.0006621918792376,18.04,-0.26073920689306895
2021-06-04,0.0016235234016184,16.42,-0.23107227621133683
2021-06-07,-0.0046973889446224,16.42,-0.18399460748883198
2021-06-08,-0.0039920212695374,17.07,-0.15738203063989029
2021-06-09,-0.0125634390180849,17.89,-0.044129756945074004
2021-06-10,-0.0157113394500815,16.1,0.22357771485411077
2021-06-11,-0.0006860207946245,15.65,-0.07503166693575686
2021-06-14,-0.0171148706638355,16.39,-0.02208384666618138
2021-06-15,-0.0152840705081509,17.02,-0.01693693085092149
2021-06-16,0.0069995469594065,18.15,0.13112987552176256
2021-06-17,-0.0292849547984512,17.75,0.2206407552592149
2021-06-18,-0.0256287385478894,20.7,-0.052094748691369853
2021-06-21,0.0168262726308631,17.89,-0.17684093229508885
2021-06-22,-0.0014635446997692,16.66,-0.2237670393586117
2021-06-23,0.0060399081832909,16.32,-0.22689810380726022
2021-06-24,0.0091559444748382,15.97,-0.2717991398290805
2021-06-25,0.0100470573745845,15.62,-0.31302857395549893
2021-06-28,0.0018159418700632,15.76,-0.3228091451320028
2021-06-29,-0.001231886562893,16.02,-0.3865907272940239
2021-06-30,0.0090416529169501,15.83,-0.4250114136612571
2021-07-01,0.0098522964430118,15.48,-0.4847666742507588
2021-07-02,-0.0067069332567181,15.07,-0.44103573413199043
2021-07-06,-0.0169342205964087,16.44,-0.41942240343591664
2021-07-07,0.0011726385708549,16.2,-0.4242349742197549
2021-07-08,-0.0174043075708146,19.0,-0.4544162042718052
2021-07-09,0.0314981534817922,16.18,-0.4648041733676373
2021-07-12,0.0142144726884523,16.17,-0.47802600793494365
2021-07-13,-0.0149851361393495,17.12,-0.5095442083876637
2021-07-14,-0.0034108859532207,16.33,-0.507571495766313
2021-07-15,0.0021894528676772,17.01,-0.5509154219975059
2021-07-16,-0.0231002235825023,18.45,-0.5823426459690092
2021-07-19,-0.0330597559009782,22.5,-0.6363416762247709
2021-07-20,0.0184716051431522,19.73,-0.5224414412172889
2021-07-21,0.0208223803529928,17.91,-0.459455050629461
2021-07-22,-0.0127063166434012,17.69,-0.4626268542782447
2021-07-23,-0.00192326882244,17.2,-0.4526292709166198
2021-07-26,0.0066823497856933,17.58,-0.4266487644037021
2021-07-27,-0.0013196966613439,19.36,-0.4137197966228808
2021-07-28,0.0016493488812403,18.31,-0.414325755459479
2021-07-29,0.0085330350379489,17.7,-0.38986949749462496
2021-07-30,-0.0080058174166687,18.24,-0.3687936793733899
2021-08-02,-0.0040270726151504,19.46,-0.42643918186696467
2021-08-03,0.0113136772119058,18.04,-0.495144994070642
2021-08-04,-0.01085072954979,17.97,-0.5009642263392217
2021-08-05,0.012549854256052,17.28,-0.4950484507347882
2021-08-06,0.0280076249869033,16.15,-0.4924604851456967
2021-08-09,-0.0010799480133557,16.72,-0.4463429997541995
2021-08-10,0.0121925765769668,16.79,-0.5188877492628843
2021-08-11,0.0118595734938478,16.06,-0.5768647089289646
2021-08-12,0.0039015376940988,15.59,-0.5555883206522949
2021-08-13,-0.0112503905965695,15.45,-0.4465796506584259
2021-08-16,-0.0065849537119475,16.12,-0.007471791015898036
2021-08-17,-0.0121543561212981,17.91,-0.18303788274528038
2021-08-18,-0.009149428808802,21.57,-0.32277404317353375
2021-08-19,-0.008390935438601,21.67,-0.38606270167449214
2021-08-20,0.0028478983649571,18.56,-0.3876467779717048
2021-08-23,0.0127161176569908,17.15,-0.39512866415758346
2021-08-24,0.0061710918874152,17.22,-0.39469202570025014
2021-08-25,0.0204031058321971,16.79,-0.4080286171192341
2021-08-26,0.0051445862994226,18.84,-0.3986579680768738
2021-08-27,0.0080049688543182,16.39,-0.40062913587097826
2021-08-30,-0.016136861333476,16.19,-0.2821330196568646
2021-08-31,-0.0030587745063251,16.48,-0.2848675172853779
2021-09-01,-0.0014389842005063,16.11,-0.2556764423429745
2021-09-02,0.0046224081304893,16.41,-0.26497136888288775
2021-09-03,-0.0060634659908472,16.41,-0.20358182560693838
2021-09-07,-0.0017571388267494,18.14,-0.21180703533822332
2021-09-08,-0.004469492190578,17.96,-0.20819579704689262
2021-09-09,0.0043438640497093,18.8,-0.13923613455687994
2021-09-10,-0.0115622832862408,20.95,-0.2048469674060162
2021-09-13,0.0157622581170693,19.37,-0.20209902005303593
2021-09-14,-0.0176068663429321,19.46,-0.29554600599618874
2021-09-15,0.0069156130074204,18.18,-0.3091576456530588
2021-09-16,-0.000442687754265,18.69,-0.2424672593015223
2021-09-17,-0.0025968282636315,20.81,-0.17483591894707556
2021-09-20,-0.0303912135413735,25.71,-0.5393739291506757
2021-09-21,0.0001307445906287,24.36,-0.443052369975674
2021-09-22,0.0189717237947401,20.87,-0.3281464224113046
2021-09-23,0.033242835207905,18.63,-0.2490590432543175
2021-09-24,0.0114738165780494,17.75,-0.2625344254163476
2021-09-27,0.0238784752914398,18.76,-0.23367338108559868
2021-09-28,-0.0054044447883304,23.25,-0.34598701833285483
2021-09-29,-0.0007830618115402,22.56,-0.3777742127983095
2021-09-30,-0.0137121430097202,23.14,-0.4554986275612467
2021-10-01,0.0207975575445705,21.15,-0.41779974191742375
2021-10-04,-0.0010775863111703,22.96,-0.49831494911888424
2021-10-05,0.0101904877568321,21.3,-0.5192287112435626
2021-10-06,0.0021321969698408,21.0,-0.5781719157716337
2021-10-07,0.0063106576096641,19.54,-0.5886848489392263
2021-10-08,0.0007640093228146,18.77,-0.5785790093481582
2021-10-11,-0.0212559210960984,20.0,-0.49676370698740213
2021-10-12,-0.0077108815792035,19.85,-0.5439993838778758
2021-10-13,-0.0267205503890499,18.64,-0.3928966958691308
2021-10-14,0.0152251222786537,16.86,-0.4444425180287785
2021-10-15,0.0190262646778609,16.3,-0.4871325686963939
2021-10-18,-0.0003601873012887,16.31,-0.2916885646357118
2021-10-19,0.0120555291525276,15.7,-0.310782253167572
2021-10-20,0.0133763521810493,15.49,-0.37055280300019416
2021-10-21,-0.0078745191527608,15.01,-0.2819595699917984
2021-10-22,0.0133616615175737,15.43,-0.3067210575413479
2021-10-25,-0.0049019706002067,15.24,-0.2696310928191903
2021-10-26,0.0026873884258075,15.98,-0.24363110958371342
2021-10-27,-0.0210484438435914,16.98,-0.18266606116018497
2021-10-28,0.0149622827349248,16.53,-0.11731178516147835
2021-10-29,-0.0027626762611895,16.26,-0.2276074852775421
2021-11-01,-0.0005298949165762,16.41,-0.2418693253600435
2021-11-02,0.0039380542855865,16.03,-0.3681194243449707
2021-11-03,0.0003519061619893,15.1,-0.42870262406856324
2021-11-04,-0.0132225525998409,15.44,-0.45211479771503643
2021-11-05,-0.0014271275538671,16.48,-0.48802975085817585
2021-11-08,0.0059921273296668,17.22,-0.33775768609434087
2021-11-09,-0.007600084082633,17.78,-0.3505244799672575
2021-11-10,-0.0009540847473884,18.73,-0.07779612203754742
2021-11-11,-5.966053159293008e-05,17.66,-0.13258079851216775
2021-11-12,-0.0044847146652386,16.29,-0.14422400978308317
2021-11-15,-0.0017995326072697,16.49,-0.145908866285567
2021-11-16,-0.0072306894931458,16.37,-0.10607870082811532
2021-11-17,-0.0053967326203352,17.11,-0.045545270091614326
2021-11-18,-0.0086712805178494,17.59,-0.15811827028210654
2021-11-19,-0.0131495551537408,17.91,-0.12796668954920684
2021-11-22,0.021090953028641,19.17,0.19180820275094188
2021-11-23,0.0236309586120918,19.38,0.41650342006172636
2021-11-24,-0.0078749959533748,18.58,0.3785612769393844
2021-11-26,-0.0305901196835658,28.62,-0.3635830402526501
2021-11-29,-0.004332226109731,22.96,-0.3525190007919293
2021-11-30,-0.0149974691285845,27.19,-0.41211039927274956
2021-12-01,-0.0059358598132665,31.12,-0.3398889493659342
2021-12-02,0.02080927485411,27.95,-0.10684579685547131
2021-12-03,-0.0182790691902602,30.67,-0.2557018934333605
2021-12-06,0.0117445218692635,27.18,-0.1747165623235723
2021-12-07,0.0149353626792219,21.89,-0.14167781515556274
2021-12-08,-0.0115071796851538,19.9,-0.14592604395978537
2021-12-09,-0.0015568082354687,21.58,-0.1446688992003813
2021-12-10,-0.0039965083791933,18.69,-0.135125233450252
2021-12-13,-0.0119596062611453,20.31,-0.13452207580305345
2021-12-14,0.0076329025369211,21.89,-0.13672661809136297
2021-12-15,-0.0075062641526576,19.29,-0.15187755624506288
2021-12-16,0.0155178235593148,20.57,-0.19400010287883804
2021-12-17,-0.0230170642973192,21.57,-0.20090495371370853
2021-12-20,-0.0181530572252592,22.87,-0.24918570004765583
2021-12-21,0.0138698478641505,21.01,-0.21247155781133567
2021-12-22,0.0039003853916532,18.63,-0.16570913929666842
2021-12-23,0.0035673372013947,17.96,-0.2134088777628655
2021-12-27,0.0057066922989915,17.68,-0.11498629924553455
2021-12-28,0.003030305349179,17.54,-0.1280150779129568
2021-12-29,-0.0005044136298625,16.95,-0.057234318632874676
2021-12-30,-0.0005046681913824,17.33,0.0035593150474739414
2021-12-31,-0.0008206294056466,17.22,-0.19706655375188578
2022-01-03,0.0209349935984123,16.6,-0.0500745220473754
2022-01-04,0.0372087957370269,16.91,-0.37243812616895977
2022-01-05,-0.0244274984780457,19.73,-0.4540009170360936
2022-01-06,0.0105679695952454,19.61,-0.43511653679298345
2022-01-07,0.0098594041424269,18.76,-0.4415791557412572
2022-01-10,0.0009567089942829,19.4,-0.4489995237210795
2022-01-11,0.0010155014163812,18.41,-0.4261773320789517
2022-01-12,0.0056559553033482,17.62,-0.49213748696399817
2022-01-13,-0.0012475125626579,20.31,-0.49207469087981665
2022-01-14,-0.0634335026972717,19.19,-0.4312637478724192
2022-01-18,-0.0428322684596892,22.79,-0.5128612586183091
2022-01-19,-0.0155899226763317,23.85,-0.4865748831888639
2022-01-20,-0.0085640632667568,25.59,-0.47126562251013276
2022-01-21,-0.0176270192163178,28.85,-0.44556110476837624
2022-01-24,-0.0008964590470372,29.9,-0.3396675639044825
2022-01-25,0.0108413302822694,31.16,-0.19294527347926543
2022-01-26,0.0094414014289356,31.96,-0.09408074713871821
2022-01-27,-0.0178021957462648,30.49,-0.13383516804837753
2022-01-28,0.0089066086175687,27.66,-0.09528009761988566
2022-01-31,0.0134821323334854,24.83,-0.07567072637042294
2022-02-01,0.0170145889418082,21.96,-0.0164460077956297
2022-02-02,-0.0080375071505511,22.09,0.13468668878003606
2022-02-03,-0.0083043606088066,24.35,0.09518302554386941
2022-02-04,0.0256271078260542,23.22,0.11658146757822421
2022-02-07,0.0033373718114521,22.86,0.1606605656975321
2022-02-08,0.0186401099501965,21.44,0.13537627673330369
2022-02-09,0.0041593405028904,19.96,0.13403333835456951
2022-02-10,-0.0041593405028905,23.91,0.18766312143257996
2022-02-11,-0.0131024561364159,27.36,0.18741280759161855
2022-02-14,-0.0093339667904753,28.33,-0.09806570113926742
2022-02-15,0.0145180115780632,25.7,-0.2614272325026038
2022-02-16,0.0018080852142625,24.29,-0.3145804585324637
2022-02-17,-0.0233016449506823,28.11,-0.35171701116247756
2022-02-18,0.0046776776005909,27.75,-0.3028372228750354
2022-02-22,-0.0017762578269764,28.81,-0.30654175487334256
2022-02-23,-0.0211612900330467,31.02,-0.475689377296171
2022-02-24,-0.0282381332467767,30.32,-0.6531248197777824
2022-02-25,0.0233840820520877,27.59,-0.525907615763739
2022-02-28,-0.0425919364164156,30.15,-0.6164401483433165
2022-03-01,-0.0384593669436797,33.32,-0.6891990716505234
2022-03-02,0.0205280483055862,30.74,-0.5351866518031326
2022-03-03,-0.0071333659833666,30.48,-0.5663709463792393
2022-03-04,-0.0285325013875177,31.98,-0.6171287524356901
2022-03-07,-0.0393814403549202,36.45,-0.6476228921542109
2022-03-08,-0.0070677161125381,35.13,-0.5909630241408302
2022-03-09,0.0392806669888457,32.45,-0.3557844617816443
2022-03-10,-0.0119111849252829,30.23,-0.3467311372338538
2022-03-11,-0.0227814262684655,30.75,-0.3638855229678959
2022-03-14,0.0098819610616807,31.77,-0.3483315432780816
2022-03-15,0.0175904021585806,29.83,-0.3532133455580859
2022-03-16,0.0437163525466198,26.67,-0.3950902820366874
2022-03-17,0.0125652344272281,25.67,-0.4433684304748085
2022-03-18,-0.000356824267836,23.87,-0.44552764223405883
2022-03-21,-0.0032171609517754,23.53,-0.3952115056812809
2022-03-22,0.0210444582089718,22.94,-0.44189341536401444
2022-03-23,-0.0201139925511745,23.57,-0.3500614280341594
2022-03-24,0.0064891303401389,21.67,-0.34596813523641295
2022-03-25,0.0087046301721473,20.81,-0.350003353038899
2022-03-28,-0.0074260392890538,19.63,-0.2896469302579008
2022-03-29,0.0021981926951106,18.9,-0.20329606117964702
2022-03-30,-0.0045435262032746,19.33,-0.21185780499411794
2022-03-31,-0.030487082683046,20.56,-0.10793139039009854
2022-04-01,-0.0074366208054527,19.63,-0.015420418501475264
2022-04-04,0.0044244596917031,18.57,0.2177672214303474
2022-04-05,-0.0190906447773419,21.03,0.3377868421117743
2022-04-06,-0.0139714540910864,22.1,0.19025131343957238
2022-04-07,-0.0030466928891096,21.55,0.2704468584542371
2022-04-08,0.0181424584579232,21.16,0.4461144996910706
2022-04-11,-0.0036774404458873,24.37,0.45772202091356734
2022-04-12,-0.0110381403485488,24.26,0.3600919925740014
2022-04-13,-0.032764482309844,21.82,0.07205289303263938
2022-04-14,-0.0093126708865006,22.7,-0.07043331197162436
2022-04-18,0.0183837371527864,22.17,-0.060804176111650954
2022-04-19,0.0204953626059277,21.37,-0.06573132435893539
2022-04-20,0.0035020972222775,20.32,-0.17044712413986682
2022-04-21,-0.007782140442055,22.68,-0.10847230537226006
2022-04-22,-0.0291429879689886,28.21,-0.3370528561558128
2022-04-25,-0.000315482296173,27.02,-0.2479486556361083
2022-04-26,-0.0300274771704131,33.52,-0.41505642374115614
2022-04-27,-0.0130913340779341,31.6,-0.38559036331886604
2022-04-28,0.0156891598610587,29.99,-0.2326316151998368
2022-04-29,-0.032800633107896,33.4,-0.42881455168155225
2022-05-02,0.0090905926054295,32.34,-0.3334001536682467
2022-05-03,0.0211934990111971,29.25,-0.22099462722261534
2022-05-04,0.0325459501233306,25.42,-0.25697797727270144
2022-05-05,-0.025337982086795,31.2,-0.3387874212286288
2022-05-06,-0.0016152482917443,30.19,-0.34045834388797624
2022-05-09,-0.0151481029965205,34.75,-0.3150169104818149
2022-05-10,-0.024674148949895,32.99,-0.35573308925794944
2022-05-11,-0.0063283339913641,32.56,-0.3666244710355388
2022-05-12,-0.0008468118043504,31.77,-0.5042294257975327
2022-05-13,0.0088559597051656,28.87,-0.5471221603679309
2022-05-16,-0.0069939193872206,27.47,-0.49706153875817916
2022-05-17,0.032609776828937,26.1,-0.4622990412885681
2022-05-18,-0.0172539055490289,30.96,-0.5094593132755266
2022-05-19,-0.0149331634070204,29.35,-0.6192254184463727
2022-05-20,-0.0082325947678575,29.43,-0.7080357261104782
2022-05-23,0.0600329028556387,28.48,-0.6879070876008406
2022-05-24,0.0140263695805317,29.45,-0.6627678035851862
2022-05-25,0.0069400909470588,28.37,-0.6540663086304939
2022-05-26,0.0171423864292382,27.5,-0.6683624334130763
2022-05-27,0.0140388175051345,25.72,-0.6164510704592275
2022-05-31,0.0072865597534153,26.19,-0.6312661437910217
2022-06-01,-0.0177009275610899,25.69,-0.5287367879387476
2022-06-02,0.0159600195787293,24.72,-0.492680161822694
2022-06-03,-0.0140374596755884,24.79,-0.3687557833466896
2022-06-06,-0.0033090953278613,25.07,-0.33280139075475995
2022-06-07,0.0026173994927284,24.02,-0.25263888920747
2022-06-08,-0.0160425031560321,23.96,-0.037068554550128134
2022-06-09,-0.0212395967424234,26.09,0.05366635247094477
2022-06-10,-0.0470559732728599,27.75,0.030689779255659886
2022-06-13,-0.0302307134105489,34.02,-0.16952363683041335
2022-06-14,-0.016779354765392,32.69,-0.21402290254037823
2022-06-15,0.0117663797039205,29.62,-0.15772106513885473
2022-06-16,-0.0173050988613621,32.95,-0.17206795814555764
2022-06-17,-0.0035326363683115,31.13,-0.15743683151500648
2022-06-21,0.024470328741615,30.19,-0.10051710296591616
2022-06-22,-0.0056274768657283,28.95,-0.1614455072145392
2022-06-23,-0.0109996744148607,29.05,-0.19931347058123527
2022-06-24,0.0294087964455845,27.23,-0.20905453387404857
2022-06-27,-0.0080445448807263,26.95,-0.20607203952183692
2022-06-28,-0.0048234374308801,28.36,-0.1738168327534976
2022-06-29,-0.0044998345226303,28.16,-0.1533722772863872
2022-06-30,-0.0236069055660791,28.71,-0.1885097892925064
2022-07-01,0.0127064270214627,26.7,-0.14503719311334853
2022-07-05,-0.0126176289039245,27.54,-0.17206232935832297
2022-07-06,-0.0065030740068426,26.73,-0.16420080675415807
2022-07-07,0.0249781310316803,26.08,-0.20122964417887318
2022-07-08,-0.0031430093971991,24.64,-0.2726285459817192
2022-07-11,-0.013203254913117,26.17,-0.3009914281085552
2022-07-12,0.0009741841978434,27.29,-0.41154295138350855
2022-07-13,-0.0094273199089015,26.82,-0.23981924957155007
2022-07-14,-0.035563749705716,26.4,-0.03886826261291528
2022-07-15,0.0448140157897926,24.23,-0.28361477044087524
2022-07-18,-0.0103231316317778,25.3,-0.16903094627853013
2022-07-19,0.024476591930101,24.5,-0.2604936088609078
2022-07-20,-0.0001745962466241,23.88,-0.4209548555075559
2022-07-21,0.0067867658044901,23.11,-0.414389849973728
2022-07-22,-0.0048678816570373,23.03,-0.3302326252395103
2022-07-25,0.0040003531910729,23.36,-0.4167371615519407
2022-07-26,-0.015745601718355,24.69,-0.3704637063949029
2022-07-27,0.0159191676304456,23.24,-0.4149843798085737
2022-07-28,-0.0037383221106071,22.33,-0.3734690050464948
2022-07-29,0.0047790854309183,21.33,-0.26876335540279206
2022-08-01,-0.0100188144741233,22.84,-0.27396130290157616
2022-08-02,-0.0157080533008473,23.93,-0.20733829961837355
2022-08-03,0.0104407248201448,21.95,-0.22061599655476596
2022-08-04,-0.0110635283457702,21.44,-0.2580855217640331
2022-08-05,0.0298110800871855,21.15,-0.35333526596997755
2022-08-08,-0.0122551618544383,21.29,-0.2515290419546524
2022-08-09,0.0089671083599532,21.77,-0.30145146361571895
2022-08-10,0.0257532305948014,19.74,-0.3642517513652409
2022-08-11,0.0146734699984705,20.2,-0.20392819159338246
2022-08-12,0.0164283217609817,19.53,-0.4570205654046281
2022-08-15,0.0026983948668113,19.95,-0.37343774832558113
2022-08-16,0.0095087879690273,19.69,-0.5559185186569586
2022-08-17,-0.0084477799119327,19.9,-0.4704262198106473
2022-08-18,-0.007779591297739,19.56,-0.41227168483788523
2022-08-19,-0.0250564571361519,20.6,-0.30447744312356234
2022-08-22,-0.0166599688372462,23.8,-0.3895860863901509
2022-08-23,-0.0099057616912495,24.11,-0.3546443092465376
2022-08-24,0.0024208899943788,22.82,-0.4300326407921747
2022-08-25,0.0234702473725195,21.78,-0.38019055564043136
2022-08-26,-0.0332763744612014,25.56,-0.5246607418491748
2022-08-29,-0.0024447755126309,26.21,-0.45852661011134954
2022-08-30,0.0001748251752703,26.21,-0.38436495630395234
2022-08-31,-0.0059612695164993,25.87,-0.39119730937246916
2022-09-01,0.0068349372288948,25.56,-0.35957140122376297
2022-09-02,-0.0070108077886167,25.47,-0.3602952056458389
2022-09-06,0.0002637942420221,26.91,-0.3595482971115841
2022-09-07,0.0188126084670525,24.64,-0.2926602354641794
2022-09-08,0.0230287362179188,23.61,-0.18252990244610065
2022-09-09,0.0047945585390897,22.79,-0.13560472862335718
2022-09-12,0.0117623879585446,23.87,-0.04190961225997089
2022-09-13,-0.0353668121073744,27.27,-0.17659556081552824
2022-09-14,-0.0023224817974558,26.16,-0.1150181676641598
2022-09-15,0.0149581830820488,26.27,-0.10888304288168153
2022-09-16,-0.006724860414793,26.3,-0.19304123660805408
2022-09-19,0.0091821763994392,25.76,-0.44589564418564326
2022-09-20,-0.0199160392788696,27.16,-0.5579550248292563
2022-09-21,-0.0292592701395201,27.99,-0.651558840867066
2022-09-22,-0.0114440229739839,27.35,-0.6861129996165333
2022-09-23,-0.0187888440726646,29.92,-0.6276068976256199
2022-09-26,-0.021767172574632,32.26,-0.7025159314848276
2022-09-27,-0.0088412916025797,32.6,-0.6254939734588753
2022-09-28,0.0200156326637941,30.18,-0.4707559872991437
2022-09-29,-0.0170912402207162,31.84,-0.5051903068219018
2022-09-30,-0.0157603186190863,31.62,-0.5131828900614549
2022-10-03,0.0304410255012355,30.1,-0.39196439382075254
2022-10-04,0.0457222493380951,29.07,-0.28781903865438946
2022-10-05,-0.0213307962139359,28.55,-0.25169540409485636
2022-10-06,-0.0205928660764015,30.52,-0.1969435242933331
2022-10-07,-0.0201762868892427,31.36,-0.19912781025818152
2022-10-10,-0.0093852895377662,32.45,-0.12719210699423433
2022-10-11,-0.0292845280189352,33.63,-0.28332937620449167
2022-10-12,0.0160532707557457,33.57,-0.17465750345754302
2022-10-13,0.054102779083474,31.94,0.008473564183026113
2022-10-14,0.0165038203680232,32.02,0.026208957033830773
2022-10-17,0.0411421159533202,31.37,0.11418975315186883
2022-10-18,0.0253954849259288,30.5,0.032961783790650324
2022-10-19,-0.0198009443625571,30.76,-0.0716401377601782
2022-10-20,-0.0032668529741834,29.98,-0.1489504598624817
2022-10-21,0.0511942625315051,29.69,-0.2751169941920548
2022-10-24,0.0012264422452228,29.85,-0.2286864872624795
2022-10-25,0.0026113936824714,28.46,-0.1706383253162652
2022-10-26,0.011425917424564,27.28,-0.15902111340702352
2022-10-27,0.0039403372119229,27.39,-0.1044003269530168
2022-10-28,0.0118080197562162,25.75,-0.07673622652260571
2022-10-31,-0.0015875539133629,25.88,-0.03139297186264649
2022-11-01,0.017872380613874,25.81,-0.04117542246629095
2022-11-02,-0.00925061472838,25.86,-0.015532864737943181
2022-11-03,0.0018098128243216,25.3,0.02810755409864193
2022-11-04,0.0269909358268476,24.55,0.009238657046253857
2022-11-07,0.0052661827485472,24.35,0.08884980648476014
2022-11-08,0.0006087816944735,25.54,0.33829128572570427
2022-11-09,-0.0130941033909807,26.09,0.38379659476756334
2022-11-10,0.0403347477324576,23.53,0.08220319353137044
2022-11-11,0.0016273396593754,22.52,0.09335890568363106
2022-11-14,-0.0103266026692676,23.73,-0.003442736015432636
2022-11-15,-0.007270033894039,24.54,-0.06668254521794133
2022-11-16,0.0013530784594627,24.11,0.11311391919079515
2022-11-17,-0.0043664904128177,23.93,0.22157093739019423
2022-11-18,0.0097605700184879,23.12,-0.13569584094946993
2022-11-21,-0.0059200592548703,22.36,-0.04225579265957107
2022-11-22,0.0148460334239487,21.29,-0.11524886598773809
2022-11-23,0.0106070528957219,20.35,-0.202895423054224
2022-11-25,0.0019032287422791,20.5,-0.17050883393096564
2022-11-28,-0.0176329774241477,22.21,-0.11822858058455975
2022-11-29,0.016315743424685,21.89,-0.14133191416922394
2022-11-30,0.0117931045744636,20.58,-0.2566874354978887
2022-12-01,-0.0141391467062159,19.84,-0.05762488280864936
2022-12-02,-0.0079587745083437,19.06,0.03182342425964646
2022-12-05,-0.0284414923646724,20.75,0.042995416196533645
2022-12-06,0.0016732586806325,22.17,0.025714168211582483
2022-12-07,-0.00068417654423,22.68,0.023757278540767285
2022-12-08,0.01043961368722,22.29,0.15572827785424004
2022-12-09,-0.0054331555323714,22.83,0.009812029311569383
2022-12-12,0.0153924276370467,25.0,0.12937900650123177
2022-12-13,-0.0009691006759416,22.55,0.17870595342479229
2022-12-14,-0.0050095435430582,21.14,0.2589362191419665
2022-12-15,-0.0251237076722551,22.83,0.17046002509636027
2022-12-16,-0.0062454422519976,22.62,0.18673327553259422
2022-12-19,0.0059379391745438,22.42,0.1617866747476034
2022-12-20,0.0048322241679387,21.48,0.16619377828329482
2022-12-21,0.0111852031637234,20.07,0.1233490601485463
2022-12-22,-0.0114147803600636,21.97,0.17036489148518796
2022-12-23,0.0047339173692311,20.87,0.16836564923667313
2022-12-27,0.0034978364307115,21.65,0.1980054849300766
2022-12-28,0.0054504298442864,22.14,0.20749640878001843
2022-12-29,0.0057211839281998,21.44,0.2648468288303362
2022-12-30,0.0065838933025994,21.67,0.18526155973683558
2023-01-03,0.0075774822119119,22.9,0.1506171813612379
2023-01-04,0.0092818345929621,22.01,-0.04076444696198794
2023-01-05,-0.0075810910321966,22.46,-0.055938676011747325
2023-01-06,0.0189547919428349,21.13,-0.1286950058391127
2023-01-09,-0.0041407926660313,21.97,-0.13659329520371277
2023-01-10,0.008914071418689,20.58,-0.15046907297129894
2023-01-11,0.0074039801983004,21.09,-0.529366935780355
2023-01-12,-0.0010031528499594,18.83,-0.3546228850646782
2023-01-13,0.0249216437807,18.35,-0.5466011029874254
2023-01-17,-0.0155741141609018,19.36,-0.24375136893143826
2023-01-18,-0.0305031400336089,20.34,-0.047492695242264744
2023-01-19,-0.0134160939012265,20.52,-0.032927072562010155
2023-01-20,0.0024459857282604,19.85,-0.04030089213701377
2023-01-23,0.0160825937462012,19.81,-0.06581504542732944
2023-01-24,0.0085594603534025,19.2,-0.04999841847465781
2023-01-25,0.0048276204290567,19.08,-0.058716267078650006
2023-01-26,0.0061626852153659,18.73,-0.07661518454724446
2023-01-27,0.0024259733624794,18.51,-0.08472675410949299
2023-01-30,-0.0085167807700874,19.94,-0.08106035111778855
2023-01-31,0.005947919645702,19.4,-0.11139597218260501
2023-02-01,-0.0026471129748204,17.87,-0.1362346656269533
2023-02-02,-0.004667369259932,18.73,-0.17946609385389134
2023-02-03,0.0153557993603314,18.33,-0.17378993556280403
2023-02-06,0.0058655339362029,19.43,-0.3079475568390556
2023-02-07,0.0121162668640292,18.66,-0.32593209884892094
2023-02-08,-0.0070558118704137,19.63,-0.40398170253322263
2023-02-09,-0.0156860419657821,20.71,-0.5947594876496803
2023-02-10,0.004405606500512,20.53,-0.5425297395969776
2023-02-13,0.0107895690762548,20.34,-0.40136397842337085
2023-02-14,0.0044091473606755,18.91,-0.4342427619412079
2023-02-15,0.0041811907604013,18.23,-0.355050323476063
2023-02-16,-0.0138647974110957,20.17,-0.32518303070303384
2023-02-17,0.0029571238897438,20.02,-0.3199233548316953
2023-02-21,-0.0185197048114911,22.87,-0.5902091073574103
2023-02-22,-0.0076926221399782,22.29,-0.6013137786569756
2023-02-23,0.0079790525035549,21.14,-0.519133617390793
2023-02-24,0.0089808158857399,21.67,-0.4067758256954073
2023-02-27,0.008689870642976,20.95,-0.3615724069893273
2023-02-28,0.008336008482983,20.7,-0.34595601509546914
2023-03-01,-0.0055963769706977,20.58,-0.3461365951293145
2023-03-02,-0.0104365942722701,19.59,-0.3676847563524943
2023-03-03,0.0181931755602445,18.49,-0.48180443093562403
2023-03-06,-0.0058643005256916,18.61,-0.3588571482579341
2023-03-07,-0.0298487196311251,19.59,-0.22865494004147222
2023-03-08,-0.0059330179102804,19.11,-0.1487377978450054
2023-03-09,-0.0556569376753239,22.61,-0.38566263850643806
2023-03-10,0.0250780216806936,24.8,-0.06872971496810525
2023-03-13,-0.0181205411131949,26.52,-0.17002579250108465
2023-03-14,0.0253520931108338,23.73,-0.04629781441653611
2023-03-15,-0.0483965408618503,26.14,-0.2363611122707666
2023-03-16,0.0192276492243154,22.99,-0.1714222666934772
2023-03-17,-0.0385142705819927,25.51,-0.28031453591402566
2023-03-20,0.0105160091452231,24.15,-0.2295674716702549
2023-03-21,0.0264674536368752,21.38,-0.23047853722177536
2023-03-22,-0.0261528893058761,22.26,-0.2292776538021532
2023-03-23,-0.0026769561691151,22.61,-0.2204831601179458
2023-03-24,-0.0153329716923287,21.74,-0.21309741521820574
2023-03-27,0.0282576023175713,20.6,-0.23246631301946458
2023-03-28,0.0030306585733295,19.97,-0.23003234164705785
2023-03-29,0.0020153483296018,19.12,-0.24083891271099572
2023-03-30,-0.0030245476544753,19.02,-0.25300953990590785
2023-03-31,0.0120436876129691,18.7,-0.2369571468278956
2023-04-03,-0.0011517642460323,18.55,-0.24932768158490515
2023-04-04,-0.0134583205448801,19.0,-0.279304288183358
2023-04-05,-0.0063274046200172,19.08,-0.27813706233163915
2023-04-06,-0.0010976949510551,18.4,-0.27383381847875116
2023-04-10,0.0032894766503987,18.97,-0.3834785932395808
2023-04-11,0.0049140148024291,19.1,-0.34940195272120533
2023-04-12,-0.0001556299123832,19.09,-0.46303982322081716
2023-04-13,0.0038059776417704,17.8,-0.24634610603250176
2023-04-14,0.0727947161155892,17.07,-0.4671147290245411
2023-04-17,0.0078978009601253,16.95,-0.2850457334584705
2023-04-18,0.011165354409713,16.83,-0.38364072597387877
2023-04-19,-0.0012737953742716,16.46,-0.43518026803612936
2023-04-20,-0.0029074941589805,17.17,-0.2941917996770004
2023-04-21,-0.0019193181651687,16.77,-0.24847432654041837
2023-04-24,0.0013510152444246,16.89,-0.10774680948568219
2023-04-25,-0.0219836439336244,18.76,-0.3094675295840935
2023-04-26,-0.0178824845895834,18.84,-0.361477736419764
2023-04-27,0.0133687902635265,17.03,-0.3877233701474819
2023-04-28,0.0086454823069507,15.78,-0.36880538895120113
2023-05-01,0.0211860200033961,16.08,-0.43678542961013844
2023-05-02,-0.0162790971832683,17.78,-0.4253473523611637
2023-05-03,-0.0213904117775597,18.34,-0.4146068611157925
2023-05-04,-0.0137728945002857,20.09,-0.43794630051802025
2023-05-05,0.0193463908876201,17.19,-0.444417199788269
2023-05-08,0.0024104317576419,16.98,-0.45557262878638194
2023-05-09,-0.0048266877382609,17.71,-0.48853712678534605
2023-05-10,0.0005130272383399,16.94,-0.5030987199306756
2023-05-11,-0.0031556185141134,16.93,-0.49710762430187017
2023-05-12,-0.0144366749416225,17.03,-0.7041182626506136
2023-05-15,0.0083912421976356,17.12,-0.698755788066784
2023-05-16,-0.006752019715983,17.99,-0.6971842796898454
2023-05-17,0.0302842368476855,16.87,-0.6721496405048493
2023-05-18,0.0075553516444496,16.05,-0.6777863326284762
2023-05-19,-0.0022965418447163,16.81,-0.6779197028298292
2023-05-22,-0.0082970065812171,17.21,-0.6694642669661571
2023-05-23,-0.0104873148206864,18.53,-0.6442282788589146
2023-05-24,-0.0091936072107209,20.03,-0.5898163639238692
2023-05-25,0.0024353356931376,19.14,-0.5414389739450931
2023-05-26,0.0093174071956997,17.95,-0.5045790713984654
2023-05-30,0.0037900920005424,17.46,-0.43829849852554875
2023-05-31,-0.0128127096001798,17.94,-0.4512355763998738
2023-06-01,0.0136853100045887,15.65,-0.4899707942477029
2023-06-02,0.0207883767449502,14.6,-0.5217971472457321
2023-06-05,-0.0098727372237796,14.73,-0.3824500919722772
2023-06-06,0.001795783982934,13.96,-0.3436721081608373
2023-06-07,0.0096418987871488,13.94,-0.3687388484841704
2023-06-08,0.0002842726193544,13.65,-0.3278064807488853
2023-06-09,0.0019876488406624,13.83,-0.3088219170500738
2023-06-12,-7.09194709704047e-05,15.01,-0.29105899407065794
2023-06-13,0.0072080023757793,14.61,-0.3180049996271733
2023-06-14,-0.0037388495460866,13.88,-0.24083096966458323
2023-06-15,0.0112447597107827,14.5,-0.3966724314387893
2023-06-16,0.0011873582676615,13.54,-0.38783000967954656
2023-06-20,-0.0051086573193654,13.88,-0.33489488411607604
2023-06-21,-0.00147446050936,13.2,-0.27572771217978626
2023-06-22,-0.0194401297685739,12.91,-0.026995173508567515
2023-06-23,-0.005243699836197,13.44,0.16067579193957604
2023-06-26,0.0024456924865006,14.25,0.1718494724577952
2023-06-27,7.184166101012129e-05,13.74,0.08235858693263927
2023-06-28,-0.004391813819608,13.43,0.06875997759136575
2023-06-29,0.0343271772254106,13.54,0.33749603279828955
2023-06-30,0.0139165191230469,13.59,0.22067478863511997
2023-07-03,0.0080123695210046,13.57,0.10729350785820096
2023-07-05,-0.0135281033063069,14.18,0.16371388300957398
2023-07-06,-0.0099358121532549,15.44,-0.009675978097762668
2023-07-07,0.0078595431535159,14.83,0.03272681956886713
2023-07-10,0.0055960628265117,15.07,0.05876435368820364
2023-07-11,0.0155179652905038,14.84,0.12341810221393715
2023-07-12,0.0049396182584315,13.54,0.1352360472324467
2023-07-13,0.0048481678693915,13.61,0.11145447925681437
2023-07-14,0.0060273421153384,13.34,0.09405364573473543
2023-07-17,0.0238177183324088,13.48,0.004765257347171635
2023-07-18,0.0018238671027756,13.3,0.005899231043708081
2023-07-19,0.0038322933460083,13.76,0.007240556716638479
2023-07-20,0.0122424209435903,13.99,-0.011429629221965628
2023-07-21,-0.0077145994953304,13.6,-0.162850337339716
2023-07-24,0.0194925487932095,13.91,-0.2069594973182058
2023-07-25,-0.0074963822241909,13.86,-0.1851013749593038
2023-07-26,0.0059762400515493,13.19,-0.18711764866671138
2023-07-27,-0.011090686694158,14.41,-0.27206267492641495
2023-07-28,0.0056881884108096,13.33,-0.22892247194535692
2023-07-31,0.0066694438474717,13.63,-0.21290851296795607
2023-08-01,-0.0049501909804197,13.93,-0.19693849924676668
2023-08-02,-0.0113892075044817,16.09,-0.3474161602433599
2023-08-03,0.006094645970303,15.92,-0.19393649884161515
2023-08-04,-0.002112879743683,17.1,-0.2605175084173458
2023-08-07,0.0047317691712636,15.77,-0.2518853923305745
2023-08-08,-0.0056294928609222,15.99,-0.35228804090939475
2023-08-09,-0.0134984450186763,15.96,-0.41855032087554955
2023-08-10,-0.0014966653192351,15.85,-0.41742880396255966
2023-08-11,0.0057790492319935,14.84,-0.399070842660823
2023-08-14,0.0020697245600777,14.82,-0.3417932447397778
2023-08-15,-0.0257867691445072,16.46,-0.45039069090366723
2023-08-16,-0.0042522155626715,16.78,-0.43563902861626624
2023-08-17,-0.0104411630566858,17.89,-0.4400563741284624
2023-08-18,0.002284947230698,17.3,-0.4327026630327959
2023-08-21,0.0034176612257815,17.13,-0.30824219780125667
2023-08-22,-0.0209566244442021,16.97,-0.41091617376366113
2023-08-23,0.0067404510520905,15.98,-0.33572385959736667
2023-08-24,-0.0009504413478544,17.2,-0.38220895295620194
2023-08-25,-0.001223324877313,15.68,-0.32802684883409444
2023-08-28,0.0034622077284707,15.08,-0.27168960775024203
2023-08-29,0.0080993963283943,14.45,-0.4163221195412657
2023-08-30,-0.0040414981589999,13.88,-0.35700317815587007
2023-08-31,-0.012428425793534,13.57,-0.20157419149049605
2023-09-01,0.0033430015783,13.09,-0.262520369472148
2023-09-05,-0.0110952442919395,14.01,-0.20250685016194553
2023-09-06,-0.0016542600960263,14.45,-0.2059836875042145
2023-09-07,-0.0085908800493512,14.4,-0.1668843466536517
2023-09-08,0.0007650843704799,13.84,-0.18998515760745432
2023-09-11,0.0043706060069029,13.8,-0.21453092118881298
2023-09-12,0.0129300288331831,14.23,-0.2513358358070808
2023-09-13,0.0004782237495067,13.48,-0.1943503029339336
2023-09-14,0.0192118470673206,12.82,-0.3067835618438178
2023-09-15,-0.0029524278307526,13.79,-0.20779420838002516
2023-09-18,0.002081026495322,14.0,-0.259207295800934
2023-09-19,-0.0012749540395047,14.11,-0.3339510392326976
2023-09-20,-0.0042391477538898,15.14,-0.10551482096843026
2023-09-21,-0.0078527346397682,17.54,-0.29357688875468574
2023-09-22,-0.009628919958513,17.2,-0.41448319437585635
2023-09-25,0.0049284787281372,16.9,-0.31026483481243755
2023-09-26,-0.0104332060393173,18.94,-0.4133467868199676
2023-09-27,0.0058477687196417,18.22,-0.28445440984121617
2023-09-28,0.0123395232396175,17.34,-0.17175958356432164
2023-09-29,-0.0175664952502378,17.52,-0.33965988786648
2023-10-02,-0.0086568635089454,17.61,-0.3602740036947677
2023-10-03,-0.0074002013222012,19.78,-0.4519013495613728
2023-10-04,0.0044745932170789,18.58,-0.400895189284443
2023-10-05,-0.003144107393557,18.49,-0.4550842728048646
2023-10-06,0.0152780749543203,17.45,-0.38464777154741475
2023-10-09,-0.0022768837241898,17.7,-0.3781118392160171
2023-10-10,0.0060602072394914,17.03,-0.3126458427976929
2023-10-11,0.0034270081518113,16.09,-0.3348133770151585
2023-10-12,-0.002329087229061,16.69,-0.11931764184126334
2023-10-13,0.0149078694359211,19.32,-0.014150159882831729
2023-10-16,-0.0010140274656288,17.21,0.020747515281256824
2023-10-17,-0.0021667013690105,17.88,0.0066989098019134535
2023-10-18,-0.0110415516535445,19.22,-0.14184453578979495
2023-10-19,-0.0042582481926836,21.4,-0.1818072950525313
2023-10-20,-0.0162368263149266,21.71,-0.38583712598545233
2023-10-23,-0.0137350283901524,20.37,-0.4214024338940209
2023-10-24,0.0012049475179399,18.97,-0.4076490797923213
2023-10-25,-0.0054693463043974,20.19,-0.41632337141573483
2023-10-26,0.0025608208616736,20.68,-0.3258052574371207
2023-10-27,-0.0366834402955228,21.27,-0.5296294122326686
2023-10-30,0.0126690574450683,19.75,-0.5010074894310869
2023-10-31,0.0118635650679419,18.14,-0.5037359442565518
2023-11-01,-0.0008633094061369,16.87,-0.4876024265523287
2023-11-02,0.0176920009113597,15.66,-0.5545157477208994
2023-11-03,0.0111104440838126,14.91,-0.569994786485015
2023-11-06,0.0075240706077933,14.89,-0.5819480484162696
2023-11-07,-0.0004859592584094,14.81,-0.5376847191999234
2023-11-08,0.0049180994777483,14.45,-0.5331928661027655
2023-11-09,-0.0029756777778753,15.29,-0.5113589924988096
2023-11-10,0.0147223352580015,14.17,-0.6109175258771187
2023-11-13,-0.004448862613099,14.76,-0.5716386578491991
2023-11-14,0.0180822002383299,14.16,-0.6097548217369528
2023-11-15,0.0087196206101424,14.18,-0.608954021392128
2023-11-16,0.011355080670707,14.32,-0.6265786013243344
2023-11-17,0.0090052207461744,13.8,-0.5784787890424639
2023-11-20,0.0030707939585953,13.41,-0.5046606210091396
2023-11-21,-0.0020897284428419,13.35,-0.4605170267853716
2023-11-22,0.0023506377131239,12.85,-0.4031077317524598
2023-11-24,0.0013686579514544,12.46,-0.40546413962713024
2023-11-27,-0.0022821383751476,12.69,0.31335958498447597
2023-11-28,0.0022821383751477,12.69,0.2517486408045778
2023-11-29,0.0050672491977211,12.98,0.15288365877053212
2023-11-30,0.0113403277173822,12.92,0.2726912854950706
2023-12-01,0.0048574811092751,12.63,0.11982659449773111
2023-12-04,0.0073055624606267,13.08,0.04355124091634436
2023-12-05,-0.0001265983037518,12.85,0.04936676398012358
2023-12-06,-0.010563926673626,12.97,0.18075298350563263
2023-12-07,0.0030661154649792,13.06,0.18235345412176648
2023-12-08,0.0109734379498752,12.35,0.2893596412859024
2023-12-11,0.0036521670215068,12.63,0.20903057279405035
2023-12-12,0.0088856100549748,12.07,0.369326175424138
2023-12-13,0.0033584209686827,12.19,0.20812862668813553
2023-12-14,0.0180284839879554,12.48,0.018613232309720524
2023-12-15,0.007532992307545,12.28,-0.21676475143229096
2023-12-18,0.0060339288844684,12.56,-0.3897571360465911
2023-12-19,0.0132665983051938,12.53,-0.4234186045311053
2023-12-20,-0.0113434052128731,13.67,-0.5595878763921471
2023-12-21,0.0056877866254324,13.65,-0.45899421550410796
2023-12-22,-0.0005971932097461,13.03,-0.49495491217570275
2023-12-26,0.0058965595668426,12.99,-0.5085014891003884
2023-12-27,0.0059800645957364,12.43,-0.5125852564114758
2023-12-28,0.0052988054506885,12.47,-0.5128323791337869
2023-12-29,-0.0011750882668266,12.45,-0.5071099475872594
2024-01-02,0.0115729855576585,13.2,-0.424870245101892
2024-01-03,-0.0043679636145933,14.04,-0.50934922447058
2024-01-04,0.0004668261740842,14.13,-0.4991309298671751
2024-01-05,0.0050046659393121,13.35,-0.5335379970816942
2024-01-08,-0.0014522643349442,13.08,-0.5338224551548858
2024-01-09,-0.0079374760148947,12.76,-0.44927290735661934
2024-01-10,0.0021072356193704,12.69,-0.4455884630899395
2024-01-11,-0.0042189210591666,12.44,-0.3513208670000958
2024-01-12,-0.0073670585147475,12.7,-0.31205956850576233
2024-01-16,-0.0062900753317721,13.84,-0.3173315967163398
2024-01-17,-0.0053718644160708,14.79,-0.33591539341606924
2024-01-18,0.0019730358258581,14.13,-0.27629490818400143
2024-01-19,0.0171146806188343,13.3,-0.1553418917102202
2024-01-22,-0.0011750192292529,13.19,-0.10697216033201813
2024-01-23,-0.0066057450467592,12.55,-0.07297768880455908
2024-01-24,0.0088957551488392,13.14,-0.07624888247217815
2024-01-25,0.0142094168087127,13.45,-0.025627296333186098
2024-01-26,-0.0038236533463743,13.26,0.013773136831078956
2024-01-29,0.0026086215192832,13.6,0.06213121910244647
2024-01-30,0.020287228726669,13.31,0.031602860984091485
2024-01-31,-0.0108947830616702,14.35,-0.06517109909206545
2024-02-01,-0.0036197574643838,13.88,-0.05489385809199725
2024-02-02,0.0057395554451388,13.85,-0.031057747483068096
2024-02-05,-0.001317183708465,13.67,-0.035116206639317867
2024-02-06,0.0034324976493241,13.06,-0.050697593289830006
2024-02-07,0.0018828636492873,12.83,-0.11523801510937512
2024-02-08,-0.0035976397196582,12.79,-0.07915863597132154
2024-02-09,0.0012006519266309,12.93,-0.141451200659051
2024-02-12,0.0044469856637336,13.93,-0.21306244199797086
2024-02-13,-0.0087416640086589,15.85,-0.3348780410095822
2024-02-14,0.0101059982547401,14.38,-0.21579750672176487
2024-02-15,0.0215799326819984,14.01,-0.12662979032547272
2024-02-16,-0.0046809781766977,14.24,-0.13753276440418555
2024-02-20,0.0039023352007615,15.42,-0.11994211765454657
2024-02-21,0.0064886676373062,15.34,-0.16708193397727647
2024-02-22,0.0119242009616737,14.54,-0.09973398728322436
2024-02-23,0.0050128149430787,13.75,-0.06813405411530313
2024-02-26,-0.0034299747796272,13.74,-0.0946191419660149
2024-02-27,0.000490717274916,13.43,-0.08491609433426067
2024-02-28,0.0050566945691573,13.84,-0.0009280450408366462
2024-02-29,0.0090703569699642,13.4,0.013768524480022895
2024-03-01,-0.0041470370460894,13.11,0.06378051619291765
2024-03-04,0.0074737557872917,13.49,0.04909097854477632
2024-03-05,0.0099673026227513,14.46,0.06847251994016611
2024-03-06,0.0051840996338426,14.5,0.0718277520176473
2024-03-07,-0.0087970890590012,14.44,0.008825987264925065
2024-03-08,0.0018612571514341,14.74,-0.08827562332317991
2024-03-11,0.0003718360776951,15.22,-0.15270844189290916
2024-03-12,0.0081982846191711,13.84,-0.1672002198677196
2024-03-13,0.0080793682236086,13.75,0.015476383275879399
2024-03-14,-0.0179786047226126,14.4,-0.04373944711736592
2024-03-15,0.0123193986735998,14.41,0.007965970537468774
2024-03-18,0.0123252030273736,14.33,0.02248288056622064
2024-03-19,0.0058481212086804,13.82,0.013620139818794867
2024-03-20,0.0130218183724997,13.04,-0.13102929047428763
2024-03-21,0.0138093699072597,12.92,-0.27782640396328295
2024-03-22,-0.0123333548791392,13.06,-0.11178741503474707
2024-03-25,-0.0091968765959687,13.19,-0.0385266164999171
2024-03-26,0.0046601031716228,13.24,-0.05620490484337044
2024-03-27,0.0191783234172939,12.78,-0.17310892324427135
2024-03-28,0.0039017607400463,13.01,-0.1553934956937159
2024-04-01,-0.0068129709475047,13.65,-0.18534037399674347
2024-04-02,-0.0004022121723402,14.61,-0.19165877565583714
2024-04-03,-0.0028200240261772,14.33,-0.24468570362375958
2024-04-04,-0.0134536868693288,16.35,-0.40605764937588323
2024-04-05,0.0091580390762367,16.03,-0.2708864039348341
2024-04-08,0.0052029516508871,15.19,-0.24753786730792082
2024-04-09,-0.0067234790599092,14.98,-0.2757031754817728
2024-04-10,-0.0085579453587056,15.8,-0.32696944060405664
2024-04-11,-0.000204655922945,14.91,-0.3195368193861551
2024-04-12,-0.0668643061134728,17.31,-0.6035748843514124
2024-04-15,0.0005469262879715,19.23,-0.4497354321000813
2024-04-16,-0.0114934312584081,18.4,-0.45089202697572706
2024-04-17,-0.0039902513595993,18.21,-0.4128213831811947
2024-04-18,0.0064760971363072,18.0,-0.3141155259430754
2024-04-19,0.024793532644954,18.71,-0.10390318070561624
2024-04-22,0.019243151288912,16.94,-0.09931328197725543
2024-04-23,0.0143102953129421,15.69,-0.1340765206241166
2024-04-24,0.0048803378106997,15.97,-0.11940490383199412
2024-04-25,0.0015008412702082,15.37,-0.02585747646741924
2024-04-26,0.0006203794853369,15.03,-0.0010091124176389795
2024-04-29,-0.0010859168013872,14.67,-0.02847921440091181
2024-04-30,-0.0079996270975995,15.65,-0.016917641925016037
2024-05-01,0.000625651740951,15.39,-0.02672468999735558
2024-05-02,-0.0010429704741854,14.68,-0.027094225112785475
2024-05-03,-0.0060182822882725,13.49,0.0023343017254776202
2024-05-06,0.0077906854004379,13.49,-0.029916437884311142
2024-05-07,-0.001302931780416,13.23,-0.03838820525635529
2024-05-08,0.020134908409056,13.0,-0.1271692212402402
2024-05-09,0.009411235684755,12.69,-0.15920456746244474
2024-05-10,0.0064097930613311,12.55,-0.02963858309237678
2024-05-13,-0.0002012578623146,13.6,0.02815212042060924
2024-05-14,0.0138918884066897,13.42,0.14884221410662435
2024-05-15,0.0029730956937953,12.45,0.2874446128719371
2024-05-16,0.0017796237827466,12.42,0.3238772403766288
2024-05-17,0.011393336424796,11.99,-0.04230652659074269
2024-05-20,-0.0460155609640918,12.15,0.09814285728347975
2024-05-21,0.0199449790475972,11.86,-0.07590439258388314
2024-05-22,-0.0060830190339878,12.29,-0.07462240191634081
2024-05-23,-0.0070339080077387,12.77,-0.06417631324133742
2024-05-24,0.0190635252814019,11.93,-0.13511833096413955
2024-05-28,-0.0060468438414836,12.92,-0.12081100994141385
2024-05-29,-0.0069918043436828,14.28,-0.08293487420435179
2024-05-30,0.006139310748439,14.47,-0.05354494386612138
2024-05-31,0.0164199131425634,12.92,-0.03246730672346436
2024-06-03,-0.004005444840855,13.11,-0.014385650595967515
2024-06-04,-0.0132676892624007,13.16,-0.05274650098232335
2024-06-05,-0.0095858662481345,12.63,-0.035261362513379295
2024-06-06,-0.0017758839687686,12.58,-0.05097022496590068
2024-06-07,0.0153205637357485,12.22,-0.08630228128115965
2024-06-10,-0.0017018724700359,12.74,-0.0792827553124514
2024-06-11,-0.026653353285089,12.85,-0.08612438911724848
2024-06-12,-0.0146676552231325,12.04,-0.09722473830496241
2024-06-13,0.0110595898688153,11.94,-0.13268255419337974
2024-06-14,0.000619450773473,12.66,-0.12884069678678936
2024-06-17,0.0061734942442673,12.75,-0.08575875714096616
2024-06-18,0.0103067395368631,12.3,-0.29600407771028975
2024-06-20,0.0084414280419836,13.28,-0.17486726120188434
2024-06-21,-0.0120010554975566,13.2,-0.22236575824915028
2024-06-24,0.0130575264799855,13.33,-0.17847757556785757
2024-06-25,-0.0040811241932283,12.84,-0.06782683545820534
2024-06-26,-0.0032364124330352,12.55,-0.060189413198435834
2024-06-27,0.00877464026304,12.24,-0.031125272531455243
2024-06-28,0.0153952670748467,12.44,-0.19490871269917218
2024-07-01,0.0156486968553943,12.22,-0.3043747601273703
2024-07-02,0.0163178285192662,12.03,-0.35359816053279464
2024-07-03,-0.0006706265819457,12.09,-0.26527669923015357
2024-07-05,-0.0188648334185182,12.48,-0.22792678445322012
2024-07-08,0.0018538399298934,12.37,-0.22570466583130508
2024-07-09,0.0119187457437674,12.51,-0.1912704411029059
2024-07-10,0.0008184291432453,12.85,-0.18632202710968257
2024-07-11,-0.0016857318862502,12.92,-0.1329011988786421
2024-07-12,-0.0121730934073049,12.46,-0.24242392617518477
2024-07-15,0.0246283442438192,13.12,-0.03721686012882662
2024-07-16,0.0168531380461582,13.19,0.04210197001402147
2024-07-17,0.015099360018766,14.48,0.16833910177166383
2024-07-18,-0.0322858075935203,15.93,-0.35974563508829277
2024-07-19,-0.0009529255533373,16.52,-0.3164805683777288
2024-07-22,0.0023806134177895,14.91,-0.3098843357094939
2024-07-23,0.0002377499357386,14.72,-0.3192150080928183
2024-07-24,-0.0083071231079498,18.04,-0.37011887062381177
2024-07-25,0.000383453966257,18.46,-0.34772687046767514
2024-07-26,0.0169636530841908,16.39,-0.2514120042856787
2024-07-29,-0.0065707296369153,16.6,-0.25172154310561745
2024-07-30,0.0203743786138839,17.69,-0.08479132780275092
2024-07-31,-0.0111686013389633,16.36,-0.060526852614014935
2024-08-01,-0.0230070039519742,18.59,-0.19724814081420006
2024-08-02,-0.0433376585555768,23.39,-0.5578327253096277
2024-08-05,-0.021521488446423,38.57,-0.47691335422663034
2024-08-06,0.027529316670103,27.71,-0.25427992911175934
2024-08-07,0.0002994460270916,27.85,-0.22811288495215817
2024-08-08,0.0180986990364493,23.79,-0.18203450686269895
2024-08-09,0.0084907551527901,20.37,-0.2178087097175238
2024-08-12,0.0018932504016742,20.71,-0.15817317869840827
2024-08-13,0.0084515027482005,18.12,-0.11539058922414863
2024-08-14,0.0110001587464216,16.19,-0.09589034473424606
2024-08-15,0.0062116418698307,15.23,-0.19215381910228163
2024-08-16,0.011374441112783,14.8,-0.2203676360711027
2024-08-19,0.0068930457829873,14.65,-0.23202011684170532
2024-08-20,-0.0043258899471224,15.88,-0.223964363445149
2024-08-21,0.0003728560818736,16.27,-0.23211985578837876
2024-08-22,0.0094149989346018,17.55,-0.24066283777614703
2024-08-23,0.0077252418959048,15.86,-0.22924162855407332
2024-08-26,0.0039316133665227,16.15,-0.24876697940249637
2024-08-27,0.0045977092486295,15.43,-0.24102837926415444
2024-08-28,0.0050286648655174,17.11,-0.2746271161486606
2024-08-29,0.004148822185533,15.65,-0.3132432469102455
2024-08-30,0.0115882373262285,15.0,-0.32827673956960557
2024-09-03,-0.0202208642112385,20.72,0.194940949535223
2024-09-04,-0.0044128088349631,21.32,-0.20097661354852944
2024-09-05,-0.0077810718473585,19.9,-0.21677480507274735
2024-09-06,-0.0240426377741083,22.38,-0.6809989824459957
2024-09-09,0.020267658611132,19.45,-0.6100973057919006
2024-09-10,-0.0532834318389705,19.08,-0.5388068115285483
2024-09-11,0.0080913254253673,17.69,-0.5456364337528435
2024-09-12,-0.003044730863858,17.07,-0.5365005457910833
2024-09-13,-0.011097164401309,16.56,-0.510447544019095
2024-09-16,0.0171773838760465,17.14,-0.47929243000232236
2024-09-17,0.0066649332093089,17.61,-0.4665409728950875
2024-09-18,-0.0082538018360157,18.23,-0.4870793248901289
2024-09-19,0.0141147291984682,16.33,-0.507498657898333
2024-09-20,0.0028939460859418,16.15,-0.5101523162109898
2024-09-23,0.0016566874780546,15.89,-0.4967192821852579
2024-09-24,0.0007091695921638,15.39,-0.48443611665173464
2024-09-25,-0.0066385563163089,15.41,-0.44709751648416457
2024-09-26,-0.0019525210384308,15.37,-0.43294619361293485
2024-09-27,0.0034262905889782,16.96,-0.4279287657216251
2024-09-30,0.0017087530263676,16.73,-0.39796797598431316
2024-10-01,-0.0182823948362679,19.26,-0.3718176412786419
2024-10-02,0.0012067676988842,18.9,-0.38611503576341116
2024-10-03,-0.0099874775704035,20.49,-0.392227363082976
2024-10-04,0.028768942877312,19.21,-0.13010334877795207
2024-10-07,-0.0013739194391486,22.64,-0.1860365205999758
2024-10-08,-0.0008537279972147,21.42,-0.08543888733322223
2024-10-09,0.0125894583064539,20.86,0.0001593115026570541
2024-10-10,-0.0027213454602502,20.93,-0.03570035344160428
2024-10-11,0.0434421259746496,20.46,0.08967778041079387
2024-10-14,-0.0036505437480519,19.7,0.10129209194892287
2024-10-15,0.0041003053819717,20.64,0.10815675982153335
2024-10-16,0.0056050188217064,19.58,0.10658546804068425
2024-10-17,0.0034816800782755,19.11,0.15537289175136948
2024-10-18,0.004224199793854,18.03,0.15760000369551985
2024-10-21,-0.0105717245704555,18.37,0.16750626048711637
2024-10-22,0.005009851236965,18.2,0.16271892836463953
2024-10-23,-0.0031729743064199,19.24,0.10018211175871798
2024-10-24,0.0070028609740159,19.08,0.05866985234198855
2024-10-25,-0.0119387051507795,20.33,0.03183473290132168
2024-10-28,0.0142473547288329,19.8,0.025753140256321215
2024-10-29,-0.0115969185509098,19.34,0.010174461430719718
2024-10-30,0.0067514955436619,20.35,0.00674863054137589
2024-10-31,-0.0111577793689637,23.16,-0.11139475981904813
2024-11-01,0.0045857203949559,21.88,-0.043665083376830435
2024-11-04,-0.0142756309426994,21.98,-0.10834879306571371
2024-11-05,0.0077503957204058,20.49,-0.09110011228866198
2024-11-06,0.1092537803694838,16.27,-0.5278918240972564
2024-11-07,-0.0441905425245731,15.2,-0.17792461874421894
2024-11-08,0.0025350698044994,14.94,-0.19388082175633445
2024-11-11,0.0097004561026307,14.97,-0.19449412809682998
2024-11-12,0.0011277019050372,14.71,-0.17366727997919423
2024-11-13,0.006656706224943,14.02,-0.1708705498530469
2024-11-14,0.0029397781145508,14.31,-0.15936238309628944
2024-11-15,0.0141223251062399,16.14,-0.17022522233735712
2024-11-18,-0.0011420648139411,15.58,-0.15610371250893657
2024-11-19,-0.0079489068873108,16.35,-0.14159181627807446
2024-11-20,-0.0095480916338632,17.16,-0.1293748360230333
2024-11-21,0.0163944850874593,16.87,-0.13867051555271828
2024-11-22,0.0153658939463419,15.24,-0.12611667177101596
2024-11-25,0.0069762130414111,14.6,-0.14297014280423187
2024-11-26,-0.0012793349204223,14.1,-0.10466087938280749
2024-11-27,-0.0007203457971165,14.1,-0.09836951338025932
2024-11-29,-0.0002802746710104,13.51,-0.014691797071450624
2024-12-02,-0.013993010141345,13.34,0.030550113344815274
2024-12-03,-0.0058240334048318,13.3,0.21050037265692928
2024-12-04,-0.0058170660939395,13.45,0.3011597065117972
2024-12-05,0.0085092969674692,13.54,0.09398984957116807
2024-12-06,0.0076292878781609,12.77,0.18434228358315155
2024-12-09,-0.014455531965834,14.19,0.19995647799296268
2024-12-10,-0.0039040878075501,14.18,0.19748543301230945
2024-12-11,0.0027549925934911,13.58,0.18546477605863407
2024-12-12,-0.0082464492391649,13.92,0.21978009698180784
2024-12-13,-0.0066047968932171,13.81,0.23819687875077925
2024-12-16,-0.001501501783597,14.69,0.14273789536213805
2024-12-17,-0.0051052544244068,15.87,0.11246711631532745
2024-12-18,-0.0340954238682163,27.62,-0.5557371256190597
2024-12-19,0.0111800529977592,24.09,-0.2981624609255415
2024-12-20,0.0197218224801686,18.36,-0.24464050868612233
2024-12-23,0.0033194005142089,16.78,-0.24434058015524693
2024-12-24,0.0163099101196159,14.27,-0.2487412828307283
2024-12-26,0.0034195110053331,14.73,-0.2521957794389166
2024-12-27,-0.0081353301196687,15.95,-0.2527155838044562
2024-12-30,-0.0077005104861481,17.4,-0.25930460501190594
2024-12-31,0.0016282908634877,17.35,-0.2996349415760831
